noise,kernel_index,kernel_file,image_index,image,final_psnr,final_ssim,best_psnr,best_iter,ssim_at_best_psnr,final_update,runtime_per_iter,max_iter,gamma1,gamma2,alpha,score_sigma_begin,score_sigma_end,denoise_relax
0.0025,1,blur_1.mat,1,ILSVRC2012_val_00000491.JPEG.png,35.30250549316406,0.9384304881095886,35.32745361328125,152,0.9386467337608337,2.4014245354919694e-05,2.5667448054525,1200,0.5,0.99,0.82,2.55,2.55,0.4
0.0025,1,blur_1.mat,2,ILSVRC2012_val_00002289.JPEG.png,40.26306915283203,0.975669801235199,40.325706481933594,488,0.9759368300437927,0.00031834066612645984,2.54132560256,1200,0.5,0.99,0.82,2.55,2.55,0.4
0.0025,1,blur_1.mat,3,ILSVRC2012_val_00005941.JPEG.png,37.60746383666992,0.9776301383972168,37.619911193847656,196,0.9776800274848938,0.00014068387099541724,2.5198107295683334,1200,0.5,0.99,0.82,2.55,2.55,0.4
0.0025,1,blur_1.mat,4,ILSVRC2012_val_00007658.JPEG.png,37.69402313232422,0.9612671732902527,37.69999313354492,439,0.961320698261261,7.368408114416525e-05,2.519995991294166,1200,0.5,0.99,0.82,2.55,2.55,0.4
0.0025,1,blur_1.mat,5,ILSVRC2012_val_00028884.JPEG.png,35.86724853515625,0.9761624336242676,35.957149505615234,365,0.9765015244483948,0.0003606869140639901,2.5052923299,1200,0.5,0.99,0.82,2.55,2.55,0.4
0.0025,1,blur_1.mat,6,ILSVRC2012_val_00038157.JPEG.png,34.36626052856445,0.9279056191444397,34.41237258911133,129,0.9282384514808655,5.371661245590076e-06,2.4692382776799997,1200,0.5,0.99,0.82,2.55,2.55,0.4
0.0025,1,blur_1.mat,7,ILSVRC2012_val_00044012.JPEG.png,43.04012680053711,0.9868428111076355,43.0786247253418,198,0.9869486689567566,9.39734818530269e-05,2.4997987491158344,1200,0.5,0.99,0.82,2.55,2.55,0.4
0.0025,2,blur_2.mat,1,ILSVRC2012_val_00000491.JPEG.png,34.743038177490234,0.9315295815467834,34.835670471191406,140,0.9330366253852844,3.179726263624616e-05,2.509434516960834,1200,0.5,0.99,0.82,2.55,2.55,0.4
0.0025,2,blur_2.mat,2,ILSVRC2012_val_00002289.JPEG.png,39.73633575439453,0.9730098843574524,39.850032806396484,232,0.9740938544273376,0.00027128326473757625,2.496607546730832,1200,0.5,0.99,0.82,2.55,2.55,0.4
0.0025,2,blur_2.mat,3,ILSVRC2012_val_00005941.JPEG.png,37.01898193359375,0.9744216799736023,37.04177474975586,359,0.9747889637947083,0.0001407772215316072,2.446854366885,1200,0.5,0.99,0.82,2.55,2.55,0.4
0.0025,2,blur_2.mat,4,ILSVRC2012_val_00007658.JPEG.png,37.338340759277344,0.9574987888336182,37.3404655456543,957,0.9575764536857605,4.315320256864652e-05,2.4356432061333333,1200,0.5,0.99,0.82,2.55,2.55,0.4
0.0025,2,blur_2.mat,5,ILSVRC2012_val_00028884.JPEG.png,34.61162185668945,0.9698880314826965,34.67625045776367,342,0.9700174331665039,0.0001525163243059069,2.4572278539383356,1200,0.5,0.99,0.82,2.55,2.55,0.4
0.0025,2,blur_2.mat,6,ILSVRC2012_val_00038157.JPEG.png,33.250282287597656,0.9120414853096008,33.264060974121094,568,0.912404477596283,2.7523601602297276e-05,2.507548730645831,1200,0.5,0.99,0.82,2.55,2.55,0.4
0.0025,2,blur_2.mat,7,ILSVRC2012_val_00044012.JPEG.png,42.241580963134766,0.9841151237487793,42.253318786621094,979,0.9841904044151306,7.246049062814564e-05,2.533514555849997,1200,0.5,0.99,0.82,2.55,2.55,0.4
0.0025,3,blur_3.mat,1,ILSVRC2012_val_00000491.JPEG.png,33.70188522338867,0.9146468639373779,33.7098503112793,252,0.9146890640258789,6.969633250264451e-05,2.4949426625066673,1200,0.5,0.99,0.82,2.55,2.55,0.4
0.0025,3,blur_3.mat,2,ILSVRC2012_val_00002289.JPEG.png,38.5635986328125,0.9673638343811035,38.96178436279297,157,0.9725283980369568,0.0005060930852778256,2.4374253108899997,1200,0.5,0.99,0.82,2.55,2.55,0.4
0.0025,3,blur_3.mat,3,ILSVRC2012_val_00005941.JPEG.png,35.330623626708984,0.965138852596283,35.46149826049805,170,0.9659177660942078,0.0002905912115238607,2.3994463655258307,1200,0.5,0.99,0.82,2.55,2.55,0.4
0.0025,3,blur_3.mat,4,ILSVRC2012_val_00007658.JPEG.png,36.15372848510742,0.949225127696991,36.162635803222656,760,0.9493685364723206,0.00016987178241834044,2.4101532689600025,1200,0.5,0.99,0.82,2.55,2.55,0.4
0.0025,3,blur_3.mat,5,ILSVRC2012_val_00028884.JPEG.png,32.65339660644531,0.9543304443359375,32.80263137817383,299,0.9551261067390442,0.000237401167396456,2.454720901262505,1200,0.5,0.99,0.82,2.55,2.55,0.4
0.0025,3,blur_3.mat,6,ILSVRC2012_val_00038157.JPEG.png,31.871267318725586,0.886059045791626,31.920021057128906,881,0.8870746493339539,0.00016368590877391398,2.5429114292508346,1200,0.5,0.99,0.82,2.55,2.55,0.4
0.0025,3,blur_3.mat,7,ILSVRC2012_val_00044012.JPEG.png,42.226924896240234,0.9837608337402344,42.50138473510742,163,0.9849340319633484,0.00020072142069693655,2.5691488644424982,1200,0.5,0.99,0.82,2.55,2.55,0.4
0.0025,4,blur_4.mat,1,ILSVRC2012_val_00000491.JPEG.png,34.39234924316406,0.9266229271888733,34.43353271484375,411,0.9270370602607727,5.9351812524255365e-05,2.5124021578108295,1200,0.5,0.99,0.82,2.55,2.55,0.4
0.0025,4,blur_4.mat,2,ILSVRC2012_val_00002289.JPEG.png,39.669803619384766,0.9715682864189148,39.798152923583984,506,0.9724388122558594,0.00027436704840511084,2.574944173761675,1200,0.5,0.99,0.82,2.55,2.55,0.4
0.0025,4,blur_4.mat,3,ILSVRC2012_val_00005941.JPEG.png,36.95845413208008,0.9744082093238831,36.976470947265625,1157,0.9745903015136719,9.355284419143572e-05,2.5446361618100006,1200,0.5,0.99,0.82,2.55,2.55,0.4
0.0025,4,blur_4.mat,4,ILSVRC2012_val_00007658.JPEG.png,37.132286071777344,0.9539403319358826,37.13920593261719,383,0.9538982510566711,0.00010355046833865345,2.521758771427497,1200,0.5,0.99,0.82,2.55,2.55,0.4
0.0025,4,blur_4.mat,5,ILSVRC2012_val_00028884.JPEG.png,35.151939392089844,0.9705660939216614,35.19729995727539,370,0.9708325266838074,0.0002594530815258622,2.4670848932949956,1200,0.5,0.99,0.82,2.55,2.55,0.4
0.0025,4,blur_4.mat,6,ILSVRC2012_val_00038157.JPEG.png,33.17732238769531,0.9081368446350098,33.1812629699707,1044,0.908247709274292,4.195819565211423e-05,2.523599638874997,1200,0.5,0.99,0.82,2.55,2.55,0.4
0.0025,4,blur_4.mat,7,ILSVRC2012_val_00044012.JPEG.png,41.89448928833008,0.9824919700622559,41.91706466674805,598,0.9826993942260742,0.0001133171099354513,2.5515050457733257,1200,0.5,0.99,0.82,2.55,2.55,0.4
0.0025,5,blur_5.mat,1,ILSVRC2012_val_00000491.JPEG.png,34.41334915161133,0.9282693862915039,34.44911575317383,691,0.9288079142570496,0.00026231553056277335,2.4897231087541636,1200,0.5,0.99,0.82,2.55,2.55,0.4
0.0025,5,blur_5.mat,2,ILSVRC2012_val_00002289.JPEG.png,40.05656433105469,0.978181779384613,40.10875701904297,530,0.9783217310905457,0.00023842282826080918,2.413564300575005,1200,0.5,0.99,0.82,2.55,2.55,0.4
0.0025,5,blur_5.mat,3,ILSVRC2012_val_00005941.JPEG.png,36.422149658203125,0.9738554954528809,36.62109375,188,0.9741536974906921,0.00023166451137512922,2.4597737000383373,1200,0.5,0.99,0.82,2.55,2.55,0.4
0.0025,5,blur_5.mat,4,ILSVRC2012_val_00007658.JPEG.png,37.0535774230957,0.9586833119392395,37.060028076171875,826,0.9588258862495422,0.00010295907850377262,2.3858089244383276,1200,0.5,0.99,0.82,2.55,2.55,0.4
0.0025,5,blur_5.mat,5,ILSVRC2012_val_00028884.JPEG.png,33.116180419921875,0.9599186778068542,33.230506896972656,299,0.960310161113739,0.00028001415194012225,2.3975417533416716,1200,0.5,0.99,0.82,2.55,2.55,0.4
0.0025,5,blur_5.mat,6,ILSVRC2012_val_00038157.JPEG.png,32.77130889892578,0.906017005443573,32.807552337646484,779,0.9072275161743164,0.00028650157037191093,2.4136895906658293,1200,0.5,0.99,0.82,2.55,2.55,0.4
0.0025,5,blur_5.mat,7,ILSVRC2012_val_00044012.JPEG.png,44.47700500488281,0.9902035593986511,44.60683059692383,134,0.9904932379722595,0.00014575313252862543,2.3963880021574977,1200,0.5,0.99,0.82,2.55,2.55,0.4
0.0025,6,blur_6.mat,1,ILSVRC2012_val_00000491.JPEG.png,35.126800537109375,0.9377970099449158,35.17118835449219,236,0.9388743042945862,0.00017226842464879155,2.3942510376241626,1200,0.5,0.99,0.82,2.55,2.55,0.4
0.0025,6,blur_6.mat,2,ILSVRC2012_val_00002289.JPEG.png,40.5493278503418,0.9785296320915222,40.56865310668945,833,0.9788015484809875,0.000259640219155699,2.3799702901933295,1200,0.5,0.99,0.82,2.55,2.55,0.4
0.0025,6,blur_6.mat,3,ILSVRC2012_val_00005941.JPEG.png,37.43455505371094,0.9770464301109314,37.4769172668457,1109,0.9773873686790466,0.0002772065345197916,2.3979791102258363,1200,0.5,0.99,0.82,2.55,2.55,0.4
0.0025,6,blur_6.mat,4,ILSVRC2012_val_00007658.JPEG.png,37.791099548339844,0.9617629051208496,37.880638122558594,107,0.9621098637580872,3.7389021599665284e-05,2.411007033151679,1200,0.5,0.99,0.82,2.55,2.55,0.4
0.0025,6,blur_6.mat,5,ILSVRC2012_val_00028884.JPEG.png,34.81229782104492,0.9697391390800476,35.05143737792969,153,0.9720563888549805,0.0003524689527694136,2.4148468006616652,1200,0.5,0.99,0.82,2.55,2.55,0.4
0.0025,6,blur_6.mat,6,ILSVRC2012_val_00038157.JPEG.png,33.747413635253906,0.9220571517944336,33.75502395629883,367,0.9221506118774414,0.00010480849596206099,2.3895648805583307,1200,0.5,0.99,0.82,2.55,2.55,0.4
0.0025,6,blur_6.mat,7,ILSVRC2012_val_00044012.JPEG.png,44.43935012817383,0.9899889826774597,44.48106384277344,1040,0.9900850653648376,0.00012003393203485757,2.39439541484667,1200,0.5,0.99,0.82,2.55,2.55,0.4
0.0025,7,blur_7.mat,1,ILSVRC2012_val_00000491.JPEG.png,33.24078369140625,0.9088893532752991,33.27763366699219,103,0.9094684720039368,0.00026603357400745153,2.393981060397503,1200,0.5,0.99,0.82,2.55,2.55,0.4
0.0025,7,blur_7.mat,2,ILSVRC2012_val_00002289.JPEG.png,38.5167121887207,0.9720147252082825,38.64908981323242,921,0.9726787209510803,0.00036923037259839475,2.399332706914999,1200,0.5,0.99,0.82,2.55,2.55,0.4
0.0025,7,blur_7.mat,3,ILSVRC2012_val_00005941.JPEG.png,34.89973068237305,0.9640710353851318,34.92657470703125,848,0.9643645882606506,0.0003783130377996713,2.4841876056008307,1200,0.5,0.99,0.82,2.55,2.55,0.4
0.0025,7,blur_7.mat,4,ILSVRC2012_val_00007658.JPEG.png,35.86437225341797,0.949458658695221,35.87933349609375,339,0.9494706988334656,0.00011552629439393058,2.48808308709585,1200,0.5,0.99,0.82,2.55,2.55,0.4
0.0025,7,blur_7.mat,5,ILSVRC2012_val_00028884.JPEG.png,31.905193328857422,0.9470832943916321,32.182960510253906,233,0.949822723865509,0.0004134729679208249,2.4959571760341595,1200,0.5,0.99,0.82,2.55,2.55,0.4
0.0025,7,blur_7.mat,6,ILSVRC2012_val_00038157.JPEG.png,31.340930938720703,0.8733217120170593,31.373754501342773,233,0.874051034450531,0.00055102095939219,2.470633805755836,1200,0.5,0.99,0.82,2.55,2.55,0.4
0.0025,7,blur_7.mat,7,ILSVRC2012_val_00044012.JPEG.png,42.3223991394043,0.9846761226654053,42.43550109863281,198,0.9852963089942932,0.00016754379612393677,2.5104605778525,1200,0.5,0.99,0.82,2.55,2.55,0.4
0.0025,8,blur_8.mat,1,ILSVRC2012_val_00000491.JPEG.png,33.301353454589844,0.9098727703094482,33.387821197509766,107,0.9114425778388977,9.434249659534544e-05,2.494896593196657,1200,0.5,0.99,0.82,2.55,2.55,0.4
0.0025,8,blur_8.mat,2,ILSVRC2012_val_00002289.JPEG.png,38.96289825439453,0.9713056683540344,39.045162200927734,631,0.9717132449150085,0.00036296938196755946,2.474876587363324,1200,0.5,0.99,0.82,2.55,2.55,0.4
0.0025,8,blur_8.mat,3,ILSVRC2012_val_00005941.JPEG.png,35.45984649658203,0.9677985310554504,35.472679138183594,360,0.9678557515144348,0.00019805879855994135,2.508915189090015,1200,0.5,0.99,0.82,2.55,2.55,0.4
0.0025,8,blur_8.mat,4,ILSVRC2012_val_00007658.JPEG.png,35.76839828491211,0.9473193287849426,35.782676696777344,274,0.9476253390312195,4.2209929233649746e-05,2.463880395223338,1200,0.5,0.99,0.82,2.55,2.55,0.4
0.0025,8,blur_8.mat,5,ILSVRC2012_val_00028884.JPEG.png,33.02674102783203,0.9579136967658997,33.17454147338867,268,0.9593273997306824,0.00024563560145907104,2.3812757263516686,1200,0.5,0.99,0.82,2.55,2.55,0.4
0.0025,8,blur_8.mat,6,ILSVRC2012_val_00038157.JPEG.png,31.6600399017334,0.8804140090942383,31.755767822265625,145,0.8806061744689941,0.00010253955406369641,2.4631866475600206,1200,0.5,0.99,0.82,2.55,2.55,0.4
0.0025,8,blur_8.mat,7,ILSVRC2012_val_00044012.JPEG.png,41.580604553222656,0.9818411469459534,41.74502182006836,185,0.9826777577400208,0.00012385513400658965,2.42370235938916,1200,0.5,0.99,0.82,2.55,2.55,0.4
0.0025,9,gaussian_1_6.mat,1,ILSVRC2012_val_00000491.JPEG.png,25.34018325805664,0.6615743041038513,28.426605224609375,254,0.7795899510383606,0.0004985202685929835,2.4417481108849945,1200,0.5,0.99,0.82,2.55,2.55,0.4
0.0025,9,gaussian_1_6.mat,2,ILSVRC2012_val_00002289.JPEG.png,25.908344268798828,0.861365795135498,29.913644790649414,213,0.9249326586723328,0.0006601258064620197,2.461936062699169,1200,0.5,0.99,0.82,2.55,2.55,0.4
0.0025,9,gaussian_1_6.mat,3,ILSVRC2012_val_00005941.JPEG.png,23.87283706665039,0.755889892578125,27.198728561401367,800,0.8822886943817139,0.0007153222686611116,2.429800245501683,1200,0.5,0.99,0.82,2.55,2.55,0.4
0.0025,9,gaussian_1_6.mat,4,ILSVRC2012_val_00007658.JPEG.png,20.105777740478516,0.49602368474006653,27.511089324951172,94,0.809629499912262,0.0007783023756928742,2.4776209293766684,1200,0.5,0.99,0.82,2.55,2.55,0.4
0.0025,9,gaussian_1_6.mat,5,ILSVRC2012_val_00028884.JPEG.png,19.75099754333496,0.5629836916923523,23.579025268554688,122,0.7028965950012207,0.0017111606430262327,2.3975231318999914,1200,0.5,0.99,0.82,2.55,2.55,0.4
0.0025,9,gaussian_1_6.mat,6,ILSVRC2012_val_00038157.JPEG.png,25.617698669433594,0.6903724074363708,27.48270034790039,256,0.7398428320884705,0.0006784462602809072,2.3789655962483325,1200,0.5,0.99,0.82,2.55,2.55,0.4
0.0025,9,gaussian_1_6.mat,7,ILSVRC2012_val_00044012.JPEG.png,21.960552215576172,0.623437225818634,36.02411651611328,201,0.947173535823822,0.00042385945562273264,2.447745460081666,1200,0.5,0.99,0.82,2.55,2.55,0.4
0.0025,10,square_7.mat,1,ILSVRC2012_val_00000491.JPEG.png,26.774383544921875,0.7004778981208801,29.108787536621094,141,0.7917904257774353,0.0007046573446132243,2.5275770960941735,1200,0.5,0.99,0.82,2.55,2.55,0.4
0.0025,10,square_7.mat,2,ILSVRC2012_val_00002289.JPEG.png,30.893091201782227,0.8657171130180359,33.50022888183594,355,0.9293298125267029,0.0006227255798876286,2.547457546190829,1200,0.5,0.99,0.82,2.55,2.55,0.4
0.0025,10,square_7.mat,3,ILSVRC2012_val_00005941.JPEG.png,25.105445861816406,0.7835195660591125,27.646942138671875,153,0.8554368019104004,0.0005454011261463165,2.446371227973335,1200,0.5,0.99,0.82,2.55,2.55,0.4
0.0025,10,square_7.mat,4,ILSVRC2012_val_00007658.JPEG.png,28.18485450744629,0.7911226153373718,29.757200241088867,198,0.8487364649772644,0.0008252051775343716,2.3938703255741713,1200,0.5,0.99,0.82,2.55,2.55,0.4
0.0025,10,square_7.mat,5,ILSVRC2012_val_00028884.JPEG.png,23.84723663330078,0.7664673924446106,25.092485427856445,263,0.7868130207061768,0.0011480089742690325,2.3991961992133293,1200,0.5,0.99,0.82,2.55,2.55,0.4
0.0025,10,square_7.mat,6,ILSVRC2012_val_00038157.JPEG.png,26.166297912597656,0.6958743929862976,27.772167205810547,136,0.7436097264289856,0.0005689781974069774,2.3822023610100103,1200,0.5,0.99,0.82,2.55,2.55,0.4
0.0025,10,square_7.mat,7,ILSVRC2012_val_00044012.JPEG.png,23.963912963867188,0.6772336363792419,35.602481842041016,198,0.9298095703125,0.0005467055598273873,2.4542118057708286,1200,0.5,0.99,0.82,2.55,2.55,0.4
0.005,1,blur_1.mat,1,ILSVRC2012_val_00000491.JPEG.png,31.88921546936035,0.8784415125846863,32.22249221801758,62,0.8855698704719543,1.6595637134741992e-05,2.5582768093391497,1200,0.5,0.99,0.86,2.55,2.55,0.4
0.005,1,blur_1.mat,2,ILSVRC2012_val_00002289.JPEG.png,37.08247375488281,0.9541752338409424,37.087032318115234,418,0.9542281031608582,2.1058514903415926e-05,2.5368767610800083,1200,0.5,0.99,0.86,2.55,2.55,0.4
0.005,1,blur_1.mat,3,ILSVRC2012_val_00005941.JPEG.png,34.437984466552734,0.9577183723449707,34.59540939331055,171,0.959089994430542,1.2098998013243545e-05,2.520366095395851,1200,0.5,0.99,0.86,2.55,2.55,0.4
0.005,1,blur_1.mat,4,ILSVRC2012_val_00007658.JPEG.png,34.14948272705078,0.9243507385253906,34.1901969909668,206,0.9243903756141663,2.3055648057379585e-07,2.5351757329291527,1200,0.5,0.99,0.86,2.55,2.55,0.4
0.005,1,blur_1.mat,5,ILSVRC2012_val_00028884.JPEG.png,31.78307342529297,0.9456459879875183,31.929359436035156,276,0.9472198486328125,3.428334593991167e-06,2.475663239705003,1200,0.5,0.99,0.86,2.55,2.55,0.4
0.005,1,blur_1.mat,6,ILSVRC2012_val_00038157.JPEG.png,31.17355728149414,0.8645923137664795,31.415964126586914,109,0.8714291453361511,2.6933385015581734e-06,2.5592785587124913,1200,0.5,0.99,0.86,2.55,2.55,0.4
0.005,1,blur_1.mat,7,ILSVRC2012_val_00044012.JPEG.png,38.333961486816406,0.9630679488182068,38.534488677978516,137,0.964465320110321,2.2229141904972494e-05,2.497877357329999,1200,0.5,0.99,0.86,2.55,2.55,0.4
0.005,2,blur_2.mat,1,ILSVRC2012_val_00000491.JPEG.png,31.434045791625977,0.867734432220459,31.633502960205078,137,0.872035801410675,8.805843094705779e-07,2.4865635300616606,1200,0.5,0.99,0.86,2.55,2.55,0.4
0.005,2,blur_2.mat,2,ILSVRC2012_val_00002289.JPEG.png,36.63035202026367,0.9525904059410095,36.65275573730469,126,0.953359067440033,9.246025911124889e-06,2.4135156111441756,1200,0.5,0.99,0.86,2.55,2.55,0.4
0.005,2,blur_2.mat,3,ILSVRC2012_val_00005941.JPEG.png,33.4830322265625,0.9501577019691467,33.49374008178711,502,0.9502303004264832,1.0230385214526905e-06,2.46099000893167,1200,0.5,0.99,0.86,2.55,2.55,0.4
0.005,2,blur_2.mat,4,ILSVRC2012_val_00007658.JPEG.png,33.7692985534668,0.9191594123840332,33.835601806640625,174,0.9202191829681396,7.195408358029454e-08,2.457119098862507,1200,0.5,0.99,0.86,2.55,2.55,0.4
0.005,2,blur_2.mat,5,ILSVRC2012_val_00028884.JPEG.png,30.506235122680664,0.9292775988578796,30.726667404174805,298,0.9317152500152588,6.5916506173380185e-06,2.382107465719164,1200,0.5,0.99,0.86,2.55,2.55,0.4
0.005,2,blur_2.mat,6,ILSVRC2012_val_00038157.JPEG.png,29.99044418334961,0.8317883014678955,30.56487464904785,118,0.846458911895752,3.273263928349479e-06,2.3921230149716575,1200,0.5,0.99,0.86,2.55,2.55,0.4
0.005,2,blur_2.mat,7,ILSVRC2012_val_00044012.JPEG.png,37.22334289550781,0.9519047141075134,37.23032760620117,616,0.9519634246826172,8.23670779936947e-06,2.4026086936541833,1200,0.5,0.99,0.86,2.55,2.55,0.4
0.005,3,blur_3.mat,1,ILSVRC2012_val_00000491.JPEG.png,30.045076370239258,0.8262661099433899,30.848739624023438,59,0.8474292159080505,1.4263427146943286e-05,2.405213631151661,1200,0.5,0.99,0.86,2.55,2.55,0.4
0.005,3,blur_3.mat,2,ILSVRC2012_val_00002289.JPEG.png,35.144996643066406,0.938936710357666,35.248714447021484,150,0.9405655860900879,2.2917478418094106e-05,2.3953567626516694,1200,0.5,0.99,0.86,2.55,2.55,0.4
0.005,3,blur_3.mat,3,ILSVRC2012_val_00005941.JPEG.png,31.766963958740234,0.9315333962440491,31.87857437133789,186,0.9345753788948059,6.7790233515552245e-06,2.3955065907774893,1200,0.5,0.99,0.86,2.55,2.55,0.4
0.005,3,blur_3.mat,4,ILSVRC2012_val_00007658.JPEG.png,31.97524642944336,0.8871006965637207,32.0554084777832,173,0.8884499073028564,7.747004246994038e-07,2.3909955811024943,1200,0.5,0.99,0.86,2.55,2.55,0.4
0.005,3,blur_3.mat,5,ILSVRC2012_val_00028884.JPEG.png,28.05220603942871,0.8827226161956787,28.614946365356445,230,0.8948308825492859,5.082554343971424e-05,2.3795953336475213,1200,0.5,0.99,0.86,2.55,2.55,0.4
0.005,3,blur_3.mat,6,ILSVRC2012_val_00038157.JPEG.png,29.107481002807617,0.7999539375305176,29.303621292114258,76,0.8077479004859924,8.949421498982701e-06,2.4740106454258783,1200,0.5,0.99,0.86,2.55,2.55,0.4
0.005,3,blur_3.mat,7,ILSVRC2012_val_00044012.JPEG.png,36.82233810424805,0.9457069039344788,37.06105422973633,451,0.9478645324707031,3.2491767342435196e-05,2.4410315369141364,1200,0.5,0.99,0.86,2.55,2.55,0.4
0.005,4,blur_4.mat,1,ILSVRC2012_val_00000491.JPEG.png,30.635414123535156,0.8437874913215637,30.981569290161133,128,0.852514922618866,7.572767117380863e-06,2.445881862159149,1200,0.5,0.99,0.86,2.55,2.55,0.4
0.005,4,blur_4.mat,2,ILSVRC2012_val_00002289.JPEG.png,36.28998947143555,0.9440197348594666,36.49490737915039,339,0.947615385055542,8.084480214165524e-06,2.4285935173558633,1200,0.5,0.99,0.86,2.55,2.55,0.4
0.005,4,blur_4.mat,3,ILSVRC2012_val_00005941.JPEG.png,33.591251373291016,0.9491448402404785,33.60974884033203,475,0.9494819641113281,7.589118240503012e-07,2.3933254797266756,1200,0.5,0.99,0.86,2.55,2.55,0.4
0.005,4,blur_4.mat,4,ILSVRC2012_val_00007658.JPEG.png,33.24620819091797,0.9070523381233215,33.3616828918457,298,0.9091721177101135,3.840554654743755e-06,2.382475806234191,1200,0.5,0.99,0.86,2.55,2.55,0.4
0.005,4,blur_4.mat,5,ILSVRC2012_val_00028884.JPEG.png,30.934062957763672,0.93230801820755,31.079036712646484,261,0.9328029751777649,1.059017904481152e-05,2.4908763744275104,1200,0.5,0.99,0.86,2.55,2.55,0.4
0.005,4,blur_4.mat,6,ILSVRC2012_val_00038157.JPEG.png,30.100343704223633,0.831977367401123,30.50918960571289,127,0.8464226722717285,6.283396942308173e-06,2.454888363353336,1200,0.5,0.99,0.86,2.55,2.55,0.4
0.005,4,blur_4.mat,7,ILSVRC2012_val_00044012.JPEG.png,36.97426223754883,0.9479297995567322,37.06550216674805,559,0.9489338994026184,5.42758425581269e-06,2.502545327602517,1200,0.5,0.99,0.86,2.55,2.55,0.4
0.005,5,blur_5.mat,1,ILSVRC2012_val_00000491.JPEG.png,31.460981369018555,0.8689892888069153,31.870466232299805,52,0.8781197667121887,5.6006210797932e-05,2.5007787613558565,1200,0.5,0.99,0.86,2.55,2.55,0.4
0.005,5,blur_5.mat,2,ILSVRC2012_val_00002289.JPEG.png,37.23994827270508,0.9645331501960754,37.30929183959961,709,0.9660215377807617,5.8312987675890326e-05,2.494146518746711,1200,0.5,0.99,0.86,2.55,2.55,0.4
0.005,5,blur_5.mat,3,ILSVRC2012_val_00005941.JPEG.png,33.768184661865234,0.9563859105110168,33.8709602355957,89,0.9565794467926025,5.805804903502576e-05,2.4664447790833464,1200,0.5,0.99,0.86,2.55,2.55,0.4
0.005,5,blur_5.mat,4,ILSVRC2012_val_00007658.JPEG.png,34.02731704711914,0.9292864799499512,34.03291702270508,272,0.9293332099914551,7.140736357769129e-08,2.5094372931266844,1200,0.5,0.99,0.86,2.55,2.55,0.4
0.005,5,blur_5.mat,5,ILSVRC2012_val_00028884.JPEG.png,29.801311492919922,0.9197165966033936,29.90925407409668,351,0.9210829734802246,1.3591773495136295e-05,2.474571344302482,1200,0.5,0.99,0.86,2.55,2.55,0.4
0.005,5,blur_5.mat,6,ILSVRC2012_val_00038157.JPEG.png,30.209226608276367,0.8413187861442566,30.3845272064209,65,0.8461382985115051,1.896545654744841e-05,2.427455975655806,1200,0.5,0.99,0.86,2.55,2.55,0.4
0.005,5,blur_5.mat,7,ILSVRC2012_val_00044012.JPEG.png,40.68596649169922,0.9774263501167297,40.82347106933594,73,0.9782352447509766,0.0001653954095672816,2.3755369725441655,1200,0.5,0.99,0.86,2.55,2.55,0.4
0.005,6,blur_6.mat,1,ILSVRC2012_val_00000491.JPEG.png,31.679399490356445,0.8749205470085144,32.31721496582031,58,0.8890259265899658,1.620980037841946e-05,2.395765112754161,1200,0.5,0.99,0.86,2.55,2.55,0.4
0.005,6,blur_6.mat,2,ILSVRC2012_val_00002289.JPEG.png,37.62958908081055,0.962904155254364,37.713584899902344,217,0.9633157849311829,1.918642556120176e-05,2.412380757661643,1200,0.5,0.99,0.86,2.55,2.55,0.4
0.005,6,blur_6.mat,3,ILSVRC2012_val_00005941.JPEG.png,34.387046813964844,0.9590666890144348,34.43810272216797,79,0.9597145915031433,8.912140401662327e-06,2.401134359153366,1200,0.5,0.99,0.86,2.55,2.55,0.4
0.005,6,blur_6.mat,4,ILSVRC2012_val_00007658.JPEG.png,34.67439651489258,0.9328067898750305,34.67629623413086,291,0.9328386187553406,2.906426921356342e-08,3.7214116151925314,1200,0.5,0.99,0.86,2.55,2.55,0.4
0.005,6,blur_6.mat,5,ILSVRC2012_val_00028884.JPEG.png,31.14455223083496,0.9353601336479187,31.397903442382812,222,0.9379326701164246,3.919404844054952e-05,4.140921046192476,1200,0.5,0.99,0.86,2.55,2.55,0.4
0.005,6,blur_6.mat,6,ILSVRC2012_val_00038157.JPEG.png,30.947595596313477,0.8592550158500671,31.16385841369629,64,0.8665291666984558,1.0608604270601063e-06,4.132255523684144,1200,0.5,0.99,0.86,2.55,2.55,0.4
0.005,6,blur_6.mat,7,ILSVRC2012_val_00044012.JPEG.png,40.33106231689453,0.9749000668525696,40.37596130371094,1152,0.9751641750335693,0.00016102020163089037,4.132960009665839,1200,0.5,0.99,0.86,2.55,2.55,0.4
0.005,7,blur_7.mat,1,ILSVRC2012_val_00000491.JPEG.png,30.494216918945312,0.8387556076049805,30.698551177978516,87,0.8461505770683289,5.85427951591555e-05,4.132274615125837,1200,0.5,0.99,0.86,2.55,2.55,0.4
0.005,7,blur_7.mat,2,ILSVRC2012_val_00002289.JPEG.png,35.249061584472656,0.9488727450370789,35.281890869140625,212,0.9493661522865295,0.00011745200754376128,4.128768107966656,1200,0.5,0.99,0.86,2.55,2.55,0.4
0.005,7,blur_7.mat,3,ILSVRC2012_val_00005941.JPEG.png,32.08922576904297,0.9403221011161804,32.08931350708008,1198,0.940305769443512,0.00014732341514900327,4.13216074181415,1200,0.5,0.99,0.86,2.55,2.55,0.4
0.005,7,blur_7.mat,4,ILSVRC2012_val_00007658.JPEG.png,30.660717010498047,0.8818252086639404,30.796123504638672,93,0.8743131160736084,0.00022679462563246489,4.132049513462504,1200,0.5,0.99,0.86,2.55,2.55,0.4
0.005,7,blur_7.mat,5,ILSVRC2012_val_00028884.JPEG.png,28.354928970336914,0.8924990296363831,28.722209930419922,202,0.8994540572166443,0.00010407537047285587,4.1322552672658155,1200,0.5,0.99,0.86,2.55,2.55,0.4
0.005,7,blur_7.mat,6,ILSVRC2012_val_00038157.JPEG.png,29.10300636291504,0.8009399771690369,29.40212631225586,64,0.8124396800994873,0.00017631206719670445,4.131403158429166,1200,0.5,0.99,0.86,2.55,2.55,0.4
0.005,7,blur_7.mat,7,ILSVRC2012_val_00044012.JPEG.png,38.14826965332031,0.9612450003623962,38.23284912109375,83,0.9616550803184509,0.00022358368732966483,4.1314605847450245,1200,0.5,0.99,0.86,2.55,2.55,0.4
0.005,8,blur_8.mat,1,ILSVRC2012_val_00000491.JPEG.png,29.881669998168945,0.8228203654289246,30.438770294189453,89,0.8391807675361633,8.432828508375678e-06,4.130305942936635,1200,0.5,0.99,0.86,2.55,2.55,0.4
0.005,8,blur_8.mat,2,ILSVRC2012_val_00002289.JPEG.png,35.65009689331055,0.9437569975852966,36.03522872924805,115,0.9494121670722961,3.2382413337472826e-05,4.132134414355823,1200,0.5,0.99,0.86,2.55,2.55,0.4
0.005,8,blur_8.mat,3,ILSVRC2012_val_00005941.JPEG.png,31.619049072265625,0.9328277707099915,32.067237854003906,157,0.9394407868385315,1.1010212801920716e-05,4.132630235617495,1200,0.5,0.99,0.86,2.55,2.55,0.4
0.005,8,blur_8.mat,4,ILSVRC2012_val_00007658.JPEG.png,32.372596740722656,0.9028288722038269,32.479434967041016,168,0.9038639068603516,1.7142897377198096e-06,4.131904517224175,1200,0.5,0.99,0.86,2.55,2.55,0.4
0.005,8,blur_8.mat,5,ILSVRC2012_val_00028884.JPEG.png,29.002674102783203,0.9079501032829285,29.5748291015625,213,0.9157619476318359,2.7976839191978797e-05,4.13195308698414,1200,0.5,0.99,0.86,2.55,2.55,0.4
0.005,8,blur_8.mat,6,ILSVRC2012_val_00038157.JPEG.png,29.15205955505371,0.8004388809204102,29.596500396728516,144,0.8114128112792969,1.59861963311414e-06,4.133325884262498,1200,0.5,0.99,0.86,2.55,2.55,0.4
0.005,8,blur_8.mat,7,ILSVRC2012_val_00044012.JPEG.png,36.929622650146484,0.9487523436546326,36.94189453125,1168,0.9488731026649475,8.778689516475424e-05,4.142086146278356,1200,0.5,0.99,0.86,2.55,2.55,0.4
0.005,9,gaussian_1_6.mat,1,ILSVRC2012_val_00000491.JPEG.png,23.47906494140625,0.5814030170440674,28.08283805847168,105,0.7576397061347961,0.0003468979266472161,4.132508869439189,1200,0.5,0.99,0.86,2.55,2.55,0.4
0.005,9,gaussian_1_6.mat,2,ILSVRC2012_val_00002289.JPEG.png,24.558303833007812,0.6956446766853333,29.493722915649414,247,0.9087737202644348,0.0004876333987340331,4.129346245042495,1200,0.5,0.99,0.86,2.55,2.55,0.4
0.005,9,gaussian_1_6.mat,3,ILSVRC2012_val_00005941.JPEG.png,22.687946319580078,0.6995959281921387,26.52323341369629,307,0.8657167553901672,0.0006941703031770885,4.132767865035033,1200,0.5,0.99,0.86,2.55,2.55,0.4
0.005,9,gaussian_1_6.mat,4,ILSVRC2012_val_00007658.JPEG.png,24.787490844726562,0.6649379134178162,27.331661224365234,92,0.7962639331817627,0.0006252311868593097,4.133098511655844,1200,0.5,0.99,0.86,2.55,2.55,0.4
0.005,9,gaussian_1_6.mat,5,ILSVRC2012_val_00028884.JPEG.png,19.890850067138672,0.5453541874885559,23.438066482543945,126,0.6876091361045837,0.0006550896214321256,4.132586464422493,1200,0.5,0.99,0.86,2.55,2.55,0.4
0.005,9,gaussian_1_6.mat,6,ILSVRC2012_val_00038157.JPEG.png,23.51468849182129,0.603971004486084,26.969863891601562,248,0.7196968197822571,0.00039216902223415673,4.131129824991658,1200,0.5,0.99,0.86,2.55,2.55,0.4
0.005,9,gaussian_1_6.mat,7,ILSVRC2012_val_00044012.JPEG.png,24.754898071289062,0.7068367004394531,35.3624382019043,88,0.9381038546562195,0.00039043923607096076,4.123263328177466,1200,0.5,0.99,0.86,2.55,2.55,0.4
0.005,10,square_7.mat,1,ILSVRC2012_val_00000491.JPEG.png,24.828981399536133,0.5902011394500732,28.042064666748047,81,0.7404496073722839,0.00013444545038510114,4.120220488851676,1200,0.5,0.99,0.86,2.55,2.55,0.4
0.005,10,square_7.mat,2,ILSVRC2012_val_00002289.JPEG.png,26.48918914794922,0.7520699501037598,29.586172103881836,140,0.8720352053642273,0.0001735039841150865,4.121821852132513,1200,0.5,0.99,0.86,2.55,2.55,0.4
0.005,10,square_7.mat,3,ILSVRC2012_val_00005941.JPEG.png,23.108266830444336,0.6938955783843994,26.257354736328125,121,0.8218079209327698,0.00019753184460569173,4.122955641773345,1200,0.5,0.99,0.86,2.55,2.55,0.4
0.005,10,square_7.mat,4,ILSVRC2012_val_00007658.JPEG.png,21.402023315429688,0.5061119198799133,28.093608856201172,98,0.8021700382232666,0.00021030596690252423,4.122917920433344,1200,0.5,0.99,0.86,2.55,2.55,0.4
0.005,10,square_7.mat,5,ILSVRC2012_val_00028884.JPEG.png,21.05058479309082,0.6304916739463806,24.072681427001953,114,0.7232780456542969,0.00017119421681854874,4.122296787954207,1200,0.5,0.99,0.86,2.55,2.55,0.4
0.005,10,square_7.mat,6,ILSVRC2012_val_00038157.JPEG.png,24.236528396606445,0.5953164100646973,26.95639419555664,96,0.6985439658164978,8.336173050338402e-05,4.124961433745824,1200,0.5,0.99,0.86,2.55,2.55,0.4
0.005,10,square_7.mat,7,ILSVRC2012_val_00044012.JPEG.png,22.604026794433594,0.5697660446166992,33.954132080078125,88,0.899972140789032,0.00023524792050011456,4.125869738250816,1200,0.5,0.99,0.86,2.55,2.55,0.4
0.01,1,blur_1.mat,1,ILSVRC2012_val_00000491.JPEG.png,29.67452621459961,0.8068473935127258,29.769268035888672,974,0.8075634837150574,7.17929215170443e-05,4.144230796269985,1200,0.5,0.99,0.92,80.0,2.55,0.1
0.01,1,blur_1.mat,2,ILSVRC2012_val_00002289.JPEG.png,34.37526321411133,0.9317353367805481,34.378231048583984,1177,0.9318140149116516,4.911082942271605e-05,4.143261592176665,1200,0.5,0.99,0.92,80.0,2.55,0.1
0.01,1,blur_1.mat,3,ILSVRC2012_val_00005941.JPEG.png,31.567646026611328,0.9249971508979797,31.575746536254883,1159,0.9252672791481018,5.929260078119114e-05,4.143824487603318,1200,0.5,0.99,0.92,80.0,2.55,0.1
0.01,1,blur_1.mat,4,ILSVRC2012_val_00007658.JPEG.png,31.024124145507812,0.8663156032562256,31.049026489257812,1134,0.8666027188301086,5.434341073851101e-05,4.144710097632487,1200,0.5,0.99,0.92,80.0,2.55,0.1
0.01,1,blur_1.mat,5,ILSVRC2012_val_00028884.JPEG.png,27.823659896850586,0.8686816692352295,27.823659896850586,1200,0.8686816692352295,0.00010740283323684707,4.143484693114151,1200,0.5,0.99,0.92,80.0,2.55,0.1
0.01,1,blur_1.mat,6,ILSVRC2012_val_00038157.JPEG.png,28.923429489135742,0.7837129235267639,29.108285903930664,961,0.7876585125923157,4.718934360425919e-05,4.140908085570021,1200,0.5,0.99,0.92,80.0,2.55,0.1
0.01,1,blur_1.mat,7,ILSVRC2012_val_00044012.JPEG.png,34.9464111328125,0.9222003817558289,34.9464111328125,1200,0.9222003817558289,4.6881894377293065e-05,4.143462518584177,1200,0.5,0.99,0.92,80.0,2.55,0.1
0.01,2,blur_2.mat,1,ILSVRC2012_val_00000491.JPEG.png,29.342525482177734,0.7941438555717468,29.517070770263672,948,0.7988254427909851,6.681673403363675e-05,4.131402997801682,1200,0.5,0.99,0.92,80.0,2.55,0.1
0.01,2,blur_2.mat,2,ILSVRC2012_val_00002289.JPEG.png,33.981422424316406,0.9299716949462891,33.98571014404297,1153,0.9305503964424133,5.289775435812771e-05,4.12737440399001,1200,0.5,0.99,0.92,80.0,2.55,0.1
0.01,2,blur_2.mat,3,ILSVRC2012_val_00005941.JPEG.png,31.18647575378418,0.9232234358787537,31.24363899230957,1075,0.9231693148612976,6.803292490076274e-05,4.126580046973298,1200,0.5,0.99,0.92,80.0,2.55,0.1
0.01,2,blur_2.mat,4,ILSVRC2012_val_00007658.JPEG.png,30.689680099487305,0.859283447265625,30.74008560180664,1103,0.8604803085327148,5.596704795607366e-05,4.126956542763316,1200,0.5,0.99,0.92,80.0,2.55,0.1
0.01,2,blur_2.mat,5,ILSVRC2012_val_00028884.JPEG.png,26.90897560119629,0.8456138968467712,26.90897560119629,1200,0.8456138968467712,0.00010885042138397694,4.125572815206736,1200,0.5,0.99,0.92,80.0,2.55,0.1
0.01,2,blur_2.mat,6,ILSVRC2012_val_00038157.JPEG.png,28.426279067993164,0.7597148418426514,28.727304458618164,911,0.7688631415367126,6.865998147986829e-05,4.1258404060666605,1200,0.5,0.99,0.92,80.0,2.55,0.1
0.01,2,blur_2.mat,7,ILSVRC2012_val_00044012.JPEG.png,35.01410675048828,0.9231123924255371,35.07197952270508,1142,0.9235534071922302,4.0672723116585985e-05,4.1259908932558025,1200,0.5,0.99,0.92,80.0,2.55,0.1
0.01,3,blur_3.mat,1,ILSVRC2012_val_00000491.JPEG.png,29.167909622192383,0.7865028977394104,29.53946876525879,837,0.7978697419166565,5.0083548558177426e-05,4.133557196350788,1200,0.5,0.99,0.92,80.0,2.55,0.1
0.01,3,blur_3.mat,2,ILSVRC2012_val_00002289.JPEG.png,33.58238983154297,0.9357278943061829,33.836822509765625,969,0.9375403523445129,5.1258521125419065e-05,4.135723612866713,1200,0.5,0.99,0.92,80.0,2.55,0.1
0.01,3,blur_3.mat,3,ILSVRC2012_val_00005941.JPEG.png,30.694820404052734,0.9199007153511047,30.83003807067871,963,0.9212103486061096,4.574365812004544e-05,4.135056440280848,1200,0.5,0.99,0.92,80.0,2.55,0.1
0.01,3,blur_3.mat,4,ILSVRC2012_val_00007658.JPEG.png,28.097827911376953,0.803102433681488,28.991682052612305,759,0.8275030255317688,8.924706344259903e-05,4.135914003912476,1200,0.5,0.99,0.92,80.0,2.55,0.1
0.01,3,blur_3.mat,5,ILSVRC2012_val_00028884.JPEG.png,25.646682739257812,0.8039595484733582,25.646682739257812,1200,0.8039595484733582,9.575615695212036e-05,4.135405346225016,1200,0.5,0.99,0.92,80.0,2.55,0.1
0.01,3,blur_3.mat,6,ILSVRC2012_val_00038157.JPEG.png,28.237319946289062,0.7545773386955261,28.58853530883789,819,0.7658464312553406,4.722955054603517e-05,4.135359782032514,1200,0.5,0.99,0.92,80.0,2.55,0.1
0.01,3,blur_3.mat,7,ILSVRC2012_val_00044012.JPEG.png,34.20262145996094,0.9098485112190247,35.75962448120117,915,0.9313771724700928,5.0589500460773706e-05,4.134990285870057,1200,0.5,0.99,0.92,80.0,2.55,0.1
0.01,4,blur_4.mat,1,ILSVRC2012_val_00000491.JPEG.png,28.904157638549805,0.7757789492607117,29.0958194732666,922,0.7795169949531555,5.915162182645872e-05,4.127882590885856,1200,0.5,0.99,0.92,80.0,2.55,0.1
0.01,4,blur_4.mat,2,ILSVRC2012_val_00002289.JPEG.png,33.56065368652344,0.9157161712646484,33.57366943359375,1164,0.9161821007728577,5.9990034060319886e-05,4.128006162953389,1200,0.5,0.99,0.92,80.0,2.55,0.1
0.01,4,blur_4.mat,3,ILSVRC2012_val_00005941.JPEG.png,31.026473999023438,0.9208502769470215,31.100215911865234,1082,0.9213712215423584,6.910539377713576e-05,4.157543760426731,1200,0.5,0.99,0.92,80.0,2.55,0.1
0.01,4,blur_4.mat,4,ILSVRC2012_val_00007658.JPEG.png,29.275537490844727,0.8353765606880188,29.57036018371582,945,0.8390613198280334,8.354017336387187e-05,4.127457744889155,1200,0.5,0.99,0.92,80.0,2.55,0.1
0.01,4,blur_4.mat,5,ILSVRC2012_val_00028884.JPEG.png,27.157846450805664,0.8488466143608093,27.157846450805664,1200,0.8488466143608093,0.00010957567428704351,4.125969245362503,1200,0.5,0.99,0.92,80.0,2.55,0.1
0.01,4,blur_4.mat,6,ILSVRC2012_val_00038157.JPEG.png,28.33051300048828,0.7583399415016174,28.65546417236328,883,0.7656784057617188,4.5642038458026946e-05,4.125932057920048,1200,0.5,0.99,0.92,80.0,2.55,0.1
0.01,4,blur_4.mat,7,ILSVRC2012_val_00044012.JPEG.png,34.46303939819336,0.9125027656555176,34.53036117553711,1106,0.9126310348510742,5.995975880068727e-05,4.126734988841733,1200,0.5,0.99,0.92,80.0,2.55,0.1
0.01,5,blur_5.mat,1,ILSVRC2012_val_00000491.JPEG.png,30.224647521972656,0.8292233347892761,30.347434997558594,975,0.833331286907196,2.8355379981803708e-05,4.12441746075172,1200,0.5,0.99,0.92,80.0,2.55,0.1
0.01,5,blur_5.mat,2,ILSVRC2012_val_00002289.JPEG.png,34.95433807373047,0.9492385983467102,34.97319030761719,1155,0.9496216773986816,8.876488573150709e-05,4.123708033836641,1200,0.5,0.99,0.92,80.0,2.55,0.1
0.01,5,blur_5.mat,3,ILSVRC2012_val_00005941.JPEG.png,31.698047637939453,0.9347992539405823,31.75313377380371,1074,0.9352251887321472,4.6343207941390574e-05,4.125463035400801,1200,0.5,0.99,0.92,80.0,2.55,0.1
0.01,5,blur_5.mat,4,ILSVRC2012_val_00007658.JPEG.png,29.259536743164062,0.8445495963096619,29.818872451782227,820,0.8589282035827637,8.186203194782138e-05,4.1257489133400185,1200,0.5,0.99,0.92,80.0,2.55,0.1
0.01,5,blur_5.mat,5,ILSVRC2012_val_00028884.JPEG.png,26.674072265625,0.8425819277763367,26.674072265625,1200,0.8425819277763367,7.985206320881844e-05,4.125255019729084,1200,0.5,0.99,0.92,80.0,2.55,0.1
0.01,5,blur_5.mat,6,ILSVRC2012_val_00038157.JPEG.png,28.940738677978516,0.7883896827697754,29.19228744506836,876,0.7959068417549133,5.4278534662444144e-05,4.126671494126689,1200,0.5,0.99,0.92,80.0,2.55,0.1
0.01,5,blur_5.mat,7,ILSVRC2012_val_00044012.JPEG.png,37.05035400390625,0.9532991051673889,37.11532974243164,1076,0.9535586833953857,2.2783104213885963e-05,4.125297264825786,1200,0.5,0.99,0.92,80.0,2.55,0.1
0.01,6,blur_6.mat,1,ILSVRC2012_val_00000491.JPEG.png,30.02192497253418,0.8206527233123779,30.211915969848633,950,0.8274684548377991,4.4840249756816775e-05,4.13519362065165,1200,0.5,0.99,0.92,80.0,2.55,0.1
0.01,6,blur_6.mat,2,ILSVRC2012_val_00002289.JPEG.png,34.95931625366211,0.9443535804748535,34.99622344970703,1136,0.9453270435333252,4.3411433580331504e-05,4.145441256575868,1200,0.5,0.99,0.92,80.0,2.55,0.1
0.01,6,blur_6.mat,3,ILSVRC2012_val_00005941.JPEG.png,32.05976867675781,0.935901939868927,32.0643196105957,1158,0.9359171986579895,4.259510023985058e-05,4.14304324913508,1200,0.5,0.99,0.92,80.0,2.55,0.1
0.01,6,blur_6.mat,4,ILSVRC2012_val_00007658.JPEG.png,29.645198822021484,0.8506423830986023,30.12586212158203,908,0.8644937872886658,7.19184463378042e-05,4.145109016129184,1200,0.5,0.99,0.92,80.0,2.55,0.1
0.01,6,blur_6.mat,5,ILSVRC2012_val_00028884.JPEG.png,27.406415939331055,0.8597867488861084,27.406415939331055,1200,0.8597867488861084,7.899289630586281e-05,4.1440872029075395,1200,0.5,0.99,0.92,80.0,2.55,0.1
0.01,6,blur_6.mat,6,ILSVRC2012_val_00038157.JPEG.png,29.06768035888672,0.7887423634529114,29.306941986083984,880,0.7964337468147278,3.0995430279290304e-05,4.144507458970863,1200,0.5,0.99,0.92,80.0,2.55,0.1
0.01,6,blur_6.mat,7,ILSVRC2012_val_00044012.JPEG.png,36.95664596557617,0.9480123519897461,36.988731384277344,1115,0.9480388164520264,2.786768709484022e-05,4.145005707856617,1200,0.5,0.99,0.92,80.0,2.55,0.1
0.01,7,blur_7.mat,1,ILSVRC2012_val_00000491.JPEG.png,28.796411514282227,0.7806243896484375,28.99107551574707,913,0.7882367968559265,3.6740289942827076e-05,4.146764316773333,1200,0.5,0.99,0.92,80.0,2.55,0.1
0.01,7,blur_7.mat,2,ILSVRC2012_val_00002289.JPEG.png,33.421905517578125,0.9304981231689453,33.421905517578125,1200,0.9304981231689453,5.48441348655615e-05,4.144462302177562,1200,0.5,0.99,0.92,80.0,2.55,0.1
0.01,7,blur_7.mat,3,ILSVRC2012_val_00005941.JPEG.png,29.702417373657227,0.9120059609413147,29.76500701904297,1040,0.9130528569221497,4.817932131118141e-05,4.145016026009204,1200,0.5,0.99,0.92,80.0,2.55,0.1
0.01,7,blur_7.mat,4,ILSVRC2012_val_00007658.JPEG.png,28.709148406982422,0.8304691910743713,28.967622756958008,950,0.8397604823112488,4.790801176568493e-05,4.13730161487251,1200,0.5,0.99,0.92,80.0,2.55,0.1
0.01,7,blur_7.mat,5,ILSVRC2012_val_00028884.JPEG.png,25.243852615356445,0.7914298176765442,25.243852615356445,1200,0.7914298176765442,7.905505481176078e-05,4.14728172826833,1200,0.5,0.99,0.92,80.0,2.55,0.1
0.01,7,blur_7.mat,6,ILSVRC2012_val_00038157.JPEG.png,28.00886344909668,0.7478847503662109,28.36158561706543,897,0.7580306529998779,3.074071719311178e-05,4.14818717711673,1200,0.5,0.99,0.92,80.0,2.55,0.1
0.01,7,blur_7.mat,7,ILSVRC2012_val_00044012.JPEG.png,35.46214294433594,0.9339923858642578,35.46214294433594,1200,0.9339923858642578,2.762832991720643e-05,4.14670565602583,1200,0.5,0.99,0.92,80.0,2.55,0.1
0.01,8,blur_8.mat,1,ILSVRC2012_val_00000491.JPEG.png,28.765832901000977,0.7764480710029602,29.0860652923584,887,0.7864519953727722,4.883315705228597e-05,4.1459111093558025,1200,0.5,0.99,0.92,80.0,2.55,0.1
0.01,8,blur_8.mat,2,ILSVRC2012_val_00002289.JPEG.png,33.587066650390625,0.9282814860343933,33.73133850097656,1090,0.9324021935462952,4.398366218083538e-05,4.145140081019199,1200,0.5,0.99,0.92,80.0,2.55,0.1
0.01,8,blur_8.mat,3,ILSVRC2012_val_00005941.JPEG.png,30.091915130615234,0.9129621386528015,30.151731491088867,1082,0.9147438406944275,5.650149978464469e-05,4.134671826712535,1200,0.5,0.99,0.92,80.0,2.55,0.1
0.01,8,blur_8.mat,4,ILSVRC2012_val_00007658.JPEG.png,29.539257049560547,0.8412471413612366,29.54903793334961,1149,0.8419604301452637,5.100231646792963e-05,4.132764385447566,1200,0.5,0.99,0.92,80.0,2.55,0.1
0.01,8,blur_8.mat,5,ILSVRC2012_val_00028884.JPEG.png,25.739971160888672,0.809424877166748,25.739971160888672,1200,0.809424877166748,0.00010216028022114187,4.136927732661715,1200,0.5,0.99,0.92,80.0,2.55,0.1
0.01,8,blur_8.mat,6,ILSVRC2012_val_00038157.JPEG.png,28.014774322509766,0.7443628311157227,28.302539825439453,862,0.7553020119667053,4.1993622289737687e-05,4.1352617369167275,1200,0.5,0.99,0.92,80.0,2.55,0.1
0.01,8,blur_8.mat,7,ILSVRC2012_val_00044012.JPEG.png,34.98381805419922,0.9258430004119873,35.1632194519043,976,0.9274692535400391,2.8921587727381848e-05,4.134379682985891,1200,0.5,0.99,0.92,80.0,2.55,0.1
0.01,9,gaussian_1_6.mat,1,ILSVRC2012_val_00000491.JPEG.png,24.14887237548828,0.5201308131217957,27.74561309814453,680,0.7304714322090149,0.00012905753101222217,4.137378650833271,1200,0.5,0.99,0.92,80.0,2.55,0.1
0.01,9,gaussian_1_6.mat,2,ILSVRC2012_val_00002289.JPEG.png,25.35869598388672,0.6065528988838196,29.749494552612305,646,0.8749836087226868,0.00027567529468797147,4.136973274451642,1200,0.5,0.99,0.92,80.0,2.55,0.1
0.01,9,gaussian_1_6.mat,3,ILSVRC2012_val_00005941.JPEG.png,23.222763061523438,0.6810439229011536,26.420528411865234,632,0.8494231104850769,0.00013075117021799088,4.136918288869201,1200,0.5,0.99,0.92,80.0,2.55,0.1
0.01,9,gaussian_1_6.mat,4,ILSVRC2012_val_00007658.JPEG.png,23.32712745666504,0.5267835259437561,27.22993278503418,600,0.7652420997619629,0.00012925179908052087,4.13739608448998,1200,0.5,0.99,0.92,80.0,2.55,0.1
0.01,9,gaussian_1_6.mat,5,ILSVRC2012_val_00028884.JPEG.png,21.6824951171875,0.5701931118965149,23.373411178588867,664,0.6670708060264587,0.00019623409025371075,4.1359966145724565,1200,0.5,0.99,0.92,80.0,2.55,0.1
0.01,9,gaussian_1_6.mat,6,ILSVRC2012_val_00038157.JPEG.png,23.926218032836914,0.5333114266395569,27.026674270629883,547,0.6949744820594788,0.0001031150168273598,4.13236777045667,1200,0.5,0.99,0.92,80.0,2.55,0.1
0.01,9,gaussian_1_6.mat,7,ILSVRC2012_val_00044012.JPEG.png,25.93937873840332,0.637405276298523,34.169883728027344,328,0.9132604598999023,0.00010282958101015538,4.123912508595871,1200,0.5,0.99,0.92,80.0,2.55,0.1
0.01,10,square_7.mat,1,ILSVRC2012_val_00000491.JPEG.png,25.87468147277832,0.6159102320671082,27.4798583984375,505,0.6936960220336914,6.815754022682086e-05,4.125701960050016,1200,0.5,0.99,0.92,80.0,2.55,0.1
0.01,10,square_7.mat,2,ILSVRC2012_val_00002289.JPEG.png,28.268762588500977,0.7728226184844971,29.738067626953125,724,0.8436353802680969,9.451282676309347e-05,4.126465698952476,1200,0.5,0.99,0.92,80.0,2.55,0.1
0.01,10,square_7.mat,3,ILSVRC2012_val_00005941.JPEG.png,25.997947692871094,0.8062490820884705,26.833303451538086,745,0.8378995060920715,0.0001249637280125171,4.137785155925861,1200,0.5,0.99,0.92,80.0,2.55,0.1
0.01,10,square_7.mat,4,ILSVRC2012_val_00007658.JPEG.png,25.93590545654297,0.6714356541633606,27.20387840270996,641,0.745387613773346,9.035308175953105e-05,4.135792182064227,1200,0.5,0.99,0.92,80.0,2.55,0.1
0.01,10,square_7.mat,5,ILSVRC2012_val_00028884.JPEG.png,22.850393295288086,0.6487826704978943,23.451162338256836,619,0.6623914837837219,0.00014796439791098237,4.13774755099245,1200,0.5,0.99,0.92,80.0,2.55,0.1
0.01,10,square_7.mat,6,ILSVRC2012_val_00038157.JPEG.png,25.630422592163086,0.6246704459190369,26.835548400878906,594,0.6796082854270935,7.421399641316384e-05,4.1372640310425775,1200,0.5,0.99,0.92,80.0,2.55,0.1
0.01,10,square_7.mat,7,ILSVRC2012_val_00044012.JPEG.png,29.16680145263672,0.759687602519989,33.05898666381836,569,0.8726865649223328,4.9875474360305816e-05,4.139667002590819,1200,0.5,0.99,0.92,80.0,2.55,0.1
0.02,1,blur_1.mat,1,ILSVRC2012_val_00000491.JPEG.png,27.31943702697754,0.6983665823936462,27.608074188232422,893,0.7056902050971985,8.700932085048407e-05,4.134557394651638,1200,0.5,0.99,0.96,80.0,2.55,0.1
0.02,1,blur_1.mat,2,ILSVRC2012_val_00002289.JPEG.png,29.606569290161133,0.8785902857780457,29.8363094329834,967,0.8806142807006836,7.642727723577991e-05,4.13366054804918,1200,0.5,0.99,0.96,80.0,2.55,0.1
0.02,1,blur_1.mat,3,ILSVRC2012_val_00005941.JPEG.png,28.910600662231445,0.8840103149414062,28.945995330810547,1134,0.8843399882316589,0.0001398869790136814,4.135435336931744,1200,0.5,0.99,0.96,80.0,2.55,0.1
0.02,1,blur_1.mat,4,ILSVRC2012_val_00007658.JPEG.png,27.90804100036621,0.7776402831077576,27.918176651000977,1144,0.7780928611755371,7.606871076859534e-05,4.134970469964998,1200,0.5,0.99,0.96,80.0,2.55,0.1
0.02,1,blur_1.mat,5,ILSVRC2012_val_00028884.JPEG.png,24.687061309814453,0.7482283711433411,24.68720245361328,1191,0.7480185627937317,0.0001373795821564272,4.134808838147534,1200,0.5,0.99,0.96,80.0,2.55,0.1
0.02,1,blur_1.mat,6,ILSVRC2012_val_00038157.JPEG.png,27.177902221679688,0.6917710900306702,27.4356689453125,921,0.6994362473487854,6.071795360185206e-05,4.134571114119996,1200,0.5,0.99,0.96,80.0,2.55,0.1
0.02,1,blur_1.mat,7,ILSVRC2012_val_00044012.JPEG.png,32.18052673339844,0.8532930016517639,32.18052673339844,1200,0.8532930016517639,0.00010326612391509116,4.134298067018389,1200,0.5,0.99,0.96,80.0,2.55,0.1
0.02,2,blur_2.mat,1,ILSVRC2012_val_00000491.JPEG.png,27.43053436279297,0.698489248752594,27.74276351928711,891,0.7107410430908203,6.642374501097947e-05,4.12476590630414,1200,0.5,0.99,0.96,80.0,2.55,0.1
0.02,2,blur_2.mat,2,ILSVRC2012_val_00002289.JPEG.png,29.188371658325195,0.8712539672851562,29.381105422973633,964,0.8754544258117676,7.914398884167895e-05,4.126616522703261,1200,0.5,0.99,0.96,80.0,2.55,0.1
0.02,2,blur_2.mat,3,ILSVRC2012_val_00005941.JPEG.png,28.637897491455078,0.8812947869300842,28.70238494873047,1086,0.8819621205329895,7.525207183789462e-05,4.126127029378258,1200,0.5,0.99,0.96,80.0,2.55,0.1
0.02,2,blur_2.mat,4,ILSVRC2012_val_00007658.JPEG.png,27.66457748413086,0.7729871869087219,27.668519973754883,1166,0.7734870314598083,7.171803008532152e-05,4.1217419767508785,1200,0.5,0.99,0.96,80.0,2.55,0.1
0.02,2,blur_2.mat,5,ILSVRC2012_val_00028884.JPEG.png,24.050952911376953,0.7182357311248779,24.05312728881836,1158,0.7171548008918762,0.00013549173309002072,4.125713162640847,1200,0.5,0.99,0.96,80.0,2.55,0.1
0.02,2,blur_2.mat,6,ILSVRC2012_val_00038157.JPEG.png,25.759187698364258,0.6261945366859436,26.712900161743164,719,0.6701807975769043,7.025110244285315e-05,4.1263818572008555,1200,0.5,0.99,0.96,80.0,2.55,0.1
0.02,2,blur_2.mat,7,ILSVRC2012_val_00044012.JPEG.png,31.982114791870117,0.8554872870445251,31.990781784057617,1189,0.8553891777992249,0.0001897355541586876,4.125938217377503,1200,0.5,0.99,0.96,80.0,2.55,0.1
0.02,3,blur_3.mat,1,ILSVRC2012_val_00000491.JPEG.png,27.582420349121094,0.7075613141059875,27.898244857788086,894,0.7223553657531738,5.103053626953624e-05,4.156766383104162,1200,0.5,0.99,0.96,80.0,2.55,0.1
0.02,3,blur_3.mat,2,ILSVRC2012_val_00002289.JPEG.png,29.59232521057129,0.8947539925575256,29.805999755859375,973,0.8976376056671143,5.7989243941847235e-05,4.1347935515683885,1200,0.5,0.99,0.96,80.0,2.55,0.1
0.02,3,blur_3.mat,3,ILSVRC2012_val_00005941.JPEG.png,28.59894561767578,0.8823875784873962,28.65953826904297,1015,0.8843954205513,8.158061245921999e-05,4.134419524317491,1200,0.5,0.99,0.96,80.0,2.55,0.1
0.02,3,blur_3.mat,4,ILSVRC2012_val_00007658.JPEG.png,27.343231201171875,0.7725801467895508,27.52214813232422,933,0.7756733894348145,6.663687236141413e-05,4.13345117005248,1200,0.5,0.99,0.96,80.0,2.55,0.1
0.02,3,blur_3.mat,5,ILSVRC2012_val_00028884.JPEG.png,23.77314567565918,0.6955454349517822,23.80517578125,967,0.6927974224090576,0.00011418625217629597,4.135523077430844,1200,0.5,0.99,0.96,80.0,2.55,0.1
0.02,3,blur_3.mat,6,ILSVRC2012_val_00038157.JPEG.png,26.914751052856445,0.6777276396751404,27.15785026550293,916,0.6915581822395325,5.5336258810712025e-05,4.134574093175858,1200,0.5,0.99,0.96,80.0,2.55,0.1
0.02,3,blur_3.mat,7,ILSVRC2012_val_00044012.JPEG.png,32.9473876953125,0.8839361071586609,32.98413848876953,1093,0.8838334083557129,3.1228646548697725e-05,4.135934692658387,1200,0.5,0.99,0.96,80.0,2.55,0.1
0.02,4,blur_4.mat,1,ILSVRC2012_val_00000491.JPEG.png,26.951467514038086,0.6671107411384583,27.267589569091797,886,0.683012068271637,7.005481893429533e-05,4.12786806250253,1200,0.5,0.99,0.96,80.0,2.55,0.1
0.02,4,blur_4.mat,2,ILSVRC2012_val_00002289.JPEG.png,29.02535057067871,0.8556609749794006,29.290681838989258,972,0.8619228005409241,8.08556069387123e-05,4.128969207014209,1200,0.5,0.99,0.96,80.0,2.55,0.1
0.02,4,blur_4.mat,3,ILSVRC2012_val_00005941.JPEG.png,28.199670791625977,0.8693592548370361,28.262662887573242,1009,0.871837854385376,8.035853534238413e-05,4.127563825959223,1200,0.5,0.99,0.96,80.0,2.55,0.1
0.02,4,blur_4.mat,4,ILSVRC2012_val_00007658.JPEG.png,26.81313705444336,0.7390515804290771,26.91818618774414,967,0.7400832176208496,9.648152627050877e-05,4.126305613270864,1200,0.5,0.99,0.96,80.0,2.55,0.1
0.02,4,blur_4.mat,5,ILSVRC2012_val_00028884.JPEG.png,23.95442771911621,0.7111630439758301,23.96895408630371,1050,0.7076085209846497,0.00013691905769519508,4.126933740808357,1200,0.5,0.99,0.96,80.0,2.55,0.1
0.02,4,blur_4.mat,6,ILSVRC2012_val_00038157.JPEG.png,26.698331832885742,0.6655611991882324,27.052574157714844,887,0.6814679503440857,6.0429665609262884e-05,4.129114051705013,1200,0.5,0.99,0.96,80.0,2.55,0.1
0.02,4,blur_4.mat,7,ILSVRC2012_val_00044012.JPEG.png,31.28815460205078,0.831183910369873,31.38895034790039,1092,0.8322494626045227,0.00010859122266992927,4.125598978670023,1200,0.5,0.99,0.96,80.0,2.55,0.1
0.02,5,blur_5.mat,1,ILSVRC2012_val_00000491.JPEG.png,28.227455139160156,0.7407140135765076,28.513038635253906,876,0.7533918023109436,4.268538759788498e-05,4.1269676398958355,1200,0.5,0.99,0.96,80.0,2.55,0.1
0.02,5,blur_5.mat,2,ILSVRC2012_val_00002289.JPEG.png,30.260753631591797,0.9071855545043945,30.38296127319336,971,0.9101080894470215,5.161689841770567e-05,4.1264922783091125,1200,0.5,0.99,0.96,80.0,2.55,0.1
0.02,5,blur_5.mat,3,ILSVRC2012_val_00005941.JPEG.png,29.527448654174805,0.9021251797676086,29.56781578063965,1084,0.9034928679466248,5.198756116442382e-05,4.1267373631617135,1200,0.5,0.99,0.96,80.0,2.55,0.1
0.02,5,blur_5.mat,4,ILSVRC2012_val_00007658.JPEG.png,26.906896591186523,0.7558032870292664,27.57985496520996,716,0.7813555598258972,7.502309017581865e-05,4.125980397385041,1200,0.5,0.99,0.96,80.0,2.55,0.1
0.02,5,blur_5.mat,5,ILSVRC2012_val_00028884.JPEG.png,24.582374572753906,0.7426063418388367,24.582374572753906,1200,0.7426063418388367,0.00010235742229269817,4.126265305707444,1200,0.5,0.99,0.96,80.0,2.55,0.1
0.02,5,blur_5.mat,6,ILSVRC2012_val_00038157.JPEG.png,27.5078067779541,0.7137298583984375,27.68902587890625,908,0.7220095992088318,3.474113327683881e-05,4.125967288337415,1200,0.5,0.99,0.96,80.0,2.55,0.1
0.02,5,blur_5.mat,7,ILSVRC2012_val_00044012.JPEG.png,34.33256530761719,0.9148635268211365,34.345577239990234,1092,0.9145157933235168,2.896604382840451e-05,4.12654413417166,1200,0.5,0.99,0.96,80.0,2.55,0.1
0.02,6,blur_6.mat,1,ILSVRC2012_val_00000491.JPEG.png,28.112773895263672,0.7346186637878418,28.368457794189453,862,0.7445216178894043,5.339159179129638e-05,4.13541726580171,1200,0.5,0.99,0.96,80.0,2.55,0.1
0.02,6,blur_6.mat,2,ILSVRC2012_val_00002289.JPEG.png,31.840843200683594,0.9084813594818115,31.955467224121094,1049,0.9118115901947021,6.490820669569075e-05,4.134556736281666,1200,0.5,0.99,0.96,80.0,2.55,0.1
0.02,6,blur_6.mat,3,ILSVRC2012_val_00005941.JPEG.png,29.596065521240234,0.8999070525169373,29.60401725769043,1157,0.9003457427024841,6.479884905274957e-05,4.134879648413334,1200,0.5,0.99,0.96,80.0,2.55,0.1
0.02,6,blur_6.mat,4,ILSVRC2012_val_00007658.JPEG.png,28.94356346130371,0.8120007514953613,28.966449737548828,1104,0.8129468560218811,4.903600347461179e-05,4.135473565467498,1200,0.5,0.99,0.96,80.0,2.55,0.1
0.02,6,blur_6.mat,5,ILSVRC2012_val_00028884.JPEG.png,24.73613739013672,0.7507116198539734,24.73613739013672,1200,0.7507116198539734,0.0001015651214402169,4.135311439629974,1200,0.5,0.99,0.96,80.0,2.55,0.1
0.02,6,blur_6.mat,6,ILSVRC2012_val_00038157.JPEG.png,27.408403396606445,0.7031495571136475,27.648517608642578,888,0.714970052242279,5.0204536819364876e-05,4.135250935095828,1200,0.5,0.99,0.96,80.0,2.55,0.1
0.02,6,blur_6.mat,7,ILSVRC2012_val_00044012.JPEG.png,33.91241455078125,0.8988201022148132,33.91241455078125,1200,0.8988201022148132,3.5925266274716705e-05,4.135063382145018,1200,0.5,0.99,0.96,80.0,2.55,0.1
0.02,7,blur_7.mat,1,ILSVRC2012_val_00000491.JPEG.png,27.15806770324707,0.6957135200500488,27.483766555786133,865,0.7124831080436707,8.73624230735004e-05,4.134697716299173,1200,0.5,0.99,0.96,80.0,2.55,0.1
0.02,7,blur_7.mat,2,ILSVRC2012_val_00002289.JPEG.png,30.46169662475586,0.8884620070457458,30.594114303588867,1039,0.8928720355033875,5.405551928561181e-05,4.135821561162496,1200,0.5,0.99,0.96,80.0,2.55,0.1
0.02,7,blur_7.mat,3,ILSVRC2012_val_00005941.JPEG.png,26.926490783691406,0.8599519729614258,27.002002716064453,1065,0.8628026843070984,6.49698922643438e-05,4.1350750191574726,1200,0.5,0.99,0.96,80.0,2.55,0.1
0.02,7,blur_7.mat,4,ILSVRC2012_val_00007658.JPEG.png,27.007583618164062,0.7558576464653015,27.019941329956055,1088,0.7583036422729492,4.217849709675647e-05,4.137030031498289,1200,0.5,0.99,0.96,80.0,2.55,0.1
0.02,7,blur_7.mat,5,ILSVRC2012_val_00028884.JPEG.png,23.611753463745117,0.6949489712715149,23.64038848876953,973,0.6942176222801208,7.715107494732365e-05,4.1358757181999195,1200,0.5,0.99,0.96,80.0,2.55,0.1
0.02,7,blur_7.mat,6,ILSVRC2012_val_00038157.JPEG.png,26.880287170410156,0.6796541213989258,27.058656692504883,811,0.6888298988342285,3.313375054858625e-05,4.135506590203343,1200,0.5,0.99,0.96,80.0,2.55,0.1
0.02,7,blur_7.mat,7,ILSVRC2012_val_00044012.JPEG.png,32.41514205932617,0.8733558654785156,32.484352111816406,1053,0.8745786547660828,3.181839201715775e-05,4.1360727843067915,1200,0.5,0.99,0.96,80.0,2.55,0.1
0.02,8,blur_8.mat,1,ILSVRC2012_val_00000491.JPEG.png,27.079830169677734,0.6920981407165527,27.378572463989258,880,0.7073096632957458,4.551391612039879e-05,4.1359222630599595,1200,0.5,0.99,0.96,80.0,2.55,0.1
0.02,8,blur_8.mat,2,ILSVRC2012_val_00002289.JPEG.png,30.175304412841797,0.8831648826599121,30.4727725982666,939,0.8879227042198181,6.0234524426050484e-05,4.137129387007445,1200,0.5,0.99,0.96,80.0,2.55,0.1
0.02,8,blur_8.mat,3,ILSVRC2012_val_00005941.JPEG.png,27.616239547729492,0.8688777089118958,27.63258171081543,1103,0.8704423904418945,7.703020673943684e-05,4.1368080287449995,1200,0.5,0.99,0.96,80.0,2.55,0.1
0.02,8,blur_8.mat,4,ILSVRC2012_val_00007658.JPEG.png,27.065494537353516,0.7513964176177979,27.171432495117188,908,0.7579053044319153,6.067284266464412e-05,4.137105290226755,1200,0.5,0.99,0.96,80.0,2.55,0.1
0.02,8,blur_8.mat,5,ILSVRC2012_val_00028884.JPEG.png,23.571575164794922,0.6876568794250488,23.660615921020508,858,0.684922993183136,0.00010241323616355658,4.13692491921829,1200,0.5,0.99,0.96,80.0,2.55,0.1
0.02,8,blur_8.mat,6,ILSVRC2012_val_00038157.JPEG.png,26.60858917236328,0.668259859085083,26.94832420349121,829,0.6820506453514099,5.929836697760038e-05,4.136373525430681,1200,0.5,0.99,0.96,80.0,2.55,0.1
0.02,8,blur_8.mat,7,ILSVRC2012_val_00044012.JPEG.png,32.2264289855957,0.8718739151954651,32.265987396240234,1102,0.8723856806755066,4.015384547528811e-05,4.136259428614284,1200,0.5,0.99,0.96,80.0,2.55,0.1
0.02,9,gaussian_1_6.mat,1,ILSVRC2012_val_00000491.JPEG.png,27.11556625366211,0.6960784792900085,27.119626998901367,886,0.7025225758552551,0.00019629333110060543,4.127378433378374,1200,0.5,0.99,0.96,80.0,2.55,0.1
0.02,9,gaussian_1_6.mat,2,ILSVRC2012_val_00002289.JPEG.png,28.248096466064453,0.8726822733879089,28.26436996459961,690,0.8740827441215515,0.00013436315930448472,4.128606111131569,1200,0.5,0.99,0.96,80.0,2.55,0.1
0.02,9,gaussian_1_6.mat,3,ILSVRC2012_val_00005941.JPEG.png,25.407075881958008,0.8224546909332275,25.630573272705078,708,0.8296830058097839,3.034851761185564e-05,4.128458501367519,1200,0.5,0.99,0.96,80.0,2.55,0.1
0.02,9,gaussian_1_6.mat,4,ILSVRC2012_val_00007658.JPEG.png,26.428735733032227,0.7384767532348633,26.451135635375977,656,0.7330665588378906,2.807088640111033e-05,4.12842541329097,1200,0.5,0.99,0.96,80.0,2.55,0.1
0.02,9,gaussian_1_6.mat,5,ILSVRC2012_val_00028884.JPEG.png,22.970375061035156,0.6315390467643738,23.00210189819336,823,0.634795606136322,4.708663982455619e-05,4.127354786287566,1200,0.5,0.99,0.96,80.0,2.55,0.1
0.02,9,gaussian_1_6.mat,6,ILSVRC2012_val_00038157.JPEG.png,26.502197265625,0.661204993724823,26.671998977661133,682,0.6703622937202454,1.9710692868102342e-05,4.129162243548393,1200,0.5,0.99,0.96,80.0,2.55,0.1
0.02,9,gaussian_1_6.mat,7,ILSVRC2012_val_00044012.JPEG.png,32.9437141418457,0.8921532034873962,32.9437141418457,1200,0.8921532034873962,2.3208403945318423e-05,4.128774974001572,1200,0.5,0.99,0.96,80.0,2.55,0.1
0.02,10,square_7.mat,1,ILSVRC2012_val_00000491.JPEG.png,25.763286590576172,0.6023619174957275,26.76607322692871,600,0.6535336375236511,5.7146462495438755e-05,4.127513725598304,1200,0.5,0.99,0.96,80.0,2.55,0.1
0.02,10,square_7.mat,2,ILSVRC2012_val_00002289.JPEG.png,27.224681854248047,0.7947152256965637,27.760793685913086,752,0.8333034515380859,6.649213173659518e-05,4.129570329068229,1200,0.5,0.99,0.96,80.0,2.55,0.1
0.02,10,square_7.mat,3,ILSVRC2012_val_00005941.JPEG.png,25.034290313720703,0.7926447987556458,25.464847564697266,795,0.8094429969787598,5.999046334181912e-05,4.1274123595249455,1200,0.5,0.99,0.96,80.0,2.55,0.1
0.02,10,square_7.mat,4,ILSVRC2012_val_00007658.JPEG.png,24.72873306274414,0.6279255747795105,25.827983856201172,566,0.6862020492553711,5.5277327192015946e-05,4.127615141772549,1200,0.5,0.99,0.96,80.0,2.55,0.1
0.02,10,square_7.mat,5,ILSVRC2012_val_00028884.JPEG.png,22.455121994018555,0.5925058126449585,22.751035690307617,624,0.60059654712677,0.0001701720611890778,4.12770890888661,1200,0.5,0.99,0.96,80.0,2.55,0.1
0.02,10,square_7.mat,6,ILSVRC2012_val_00038157.JPEG.png,25.486303329467773,0.6035199761390686,26.256420135498047,602,0.6434690952301025,0.00013341967132873833,4.1287116135317286,1200,0.5,0.99,0.96,80.0,2.55,0.1
0.02,10,square_7.mat,7,ILSVRC2012_val_00044012.JPEG.png,30.28273582458496,0.8056983947753906,31.915740966796875,669,0.8428317904472351,4.4817195885116234e-05,4.127796899189125,1200,0.5,0.99,0.96,80.0,2.55,0.1
0.04,1,blur_1.mat,1,ILSVRC2012_val_00000491.JPEG.png,25.961036682128906,0.606147825717926,26.122989654541016,901,0.6140029430389404,8.376986079383641e-05,4.133493673999134,1200,0.5,0.99,1.0,80.0,2.55,0.2
0.04,1,blur_1.mat,2,ILSVRC2012_val_00002289.JPEG.png,27.349777221679688,0.8184695243835449,27.54574203491211,990,0.8249070048332214,0.00010451347043272108,4.134999840254313,1200,0.5,0.99,1.0,80.0,2.55,0.2
0.04,1,blur_1.mat,3,ILSVRC2012_val_00005941.JPEG.png,25.754718780517578,0.8070763945579529,25.757137298583984,1177,0.8073546290397644,0.0001050555074471049,4.202347146874333,1200,0.5,0.99,1.0,80.0,2.55,0.2
0.04,1,blur_1.mat,4,ILSVRC2012_val_00007658.JPEG.png,25.273164749145508,0.6643226742744446,25.321828842163086,979,0.6679866313934326,9.479494474362582e-05,4.135418246572372,1200,0.5,0.99,1.0,80.0,2.55,0.2
0.04,1,blur_1.mat,5,ILSVRC2012_val_00028884.JPEG.png,22.543291091918945,0.591579020023346,22.631811141967773,933,0.5876418948173523,0.00016043793584685773,4.135752825548213,1200,0.5,0.99,1.0,80.0,2.55,0.2
0.04,1,blur_1.mat,6,ILSVRC2012_val_00038157.JPEG.png,25.732934951782227,0.6032772660255432,25.87330436706543,938,0.6069261431694031,7.766449562041089e-05,4.134966955410007,1200,0.5,0.99,1.0,80.0,2.55,0.2
0.04,1,blur_1.mat,7,ILSVRC2012_val_00044012.JPEG.png,28.452266693115234,0.7085685729980469,28.452342987060547,1198,0.7085325717926025,0.00012401872663758695,4.135492161279933,1200,0.5,0.99,1.0,80.0,2.55,0.2
0.04,2,blur_2.mat,1,ILSVRC2012_val_00000491.JPEG.png,25.781993865966797,0.5997969508171082,25.791048049926758,1105,0.6004912257194519,5.826419510412961e-05,4.126036050969075,1200,0.5,0.99,1.0,80.0,2.55,0.2
0.04,2,blur_2.mat,2,ILSVRC2012_val_00002289.JPEG.png,26.361629486083984,0.8010357022285461,26.37256622314453,1141,0.800919234752655,9.203415538650006e-05,4.126194015646663,1200,0.5,0.99,1.0,80.0,2.55,0.2
0.04,2,blur_2.mat,3,ILSVRC2012_val_00005941.JPEG.png,25.28666114807129,0.7990989089012146,25.36699867248535,960,0.8022782802581787,0.00011410495062591508,4.125767359556824,1200,0.5,0.99,1.0,80.0,2.55,0.2
0.04,2,blur_2.mat,4,ILSVRC2012_val_00007658.JPEG.png,25.055387496948242,0.6462991237640381,25.055387496948242,1200,0.6462991237640381,8.666137728141621e-05,4.126018073393498,1200,0.5,0.99,1.0,80.0,2.55,0.2
0.04,2,blur_2.mat,5,ILSVRC2012_val_00028884.JPEG.png,22.279138565063477,0.569096028804779,22.322303771972656,959,0.5670361518859863,0.00014169199857860804,4.126115240066623,1200,0.5,0.99,1.0,80.0,2.55,0.2
0.04,2,blur_2.mat,6,ILSVRC2012_val_00038157.JPEG.png,25.361011505126953,0.5910143852233887,25.4569034576416,952,0.5953981280326843,6.034017860656604e-05,4.124941042348316,1200,0.5,0.99,1.0,80.0,2.55,0.2
0.04,2,blur_2.mat,7,ILSVRC2012_val_00044012.JPEG.png,28.599693298339844,0.7126542925834656,28.636878967285156,887,0.7036989331245422,8.557038381695747e-05,4.125329795860065,1200,0.5,0.99,1.0,80.0,2.55,0.2
0.04,3,blur_3.mat,1,ILSVRC2012_val_00000491.JPEG.png,26.118061065673828,0.619933009147644,26.22268295288086,864,0.6257856488227844,6.135150033514947e-05,4.133646406023181,1200,0.5,0.99,1.0,80.0,2.55,0.2
0.04,3,blur_3.mat,2,ILSVRC2012_val_00002289.JPEG.png,27.96590232849121,0.8486198782920837,28.0456485748291,1072,0.8524444103240967,9.257759666070342e-05,4.134890005690007,1200,0.5,0.99,1.0,80.0,2.55,0.2
0.04,3,blur_3.mat,3,ILSVRC2012_val_00005941.JPEG.png,25.42220687866211,0.8177366256713867,25.560089111328125,969,0.8209455609321594,0.00010117955389432609,4.134663222805053,1200,0.5,0.99,1.0,80.0,2.55,0.2
0.04,3,blur_3.mat,4,ILSVRC2012_val_00007658.JPEG.png,25.1894474029541,0.6605460047721863,25.211763381958008,958,0.664048969745636,6.228309939615428e-05,4.134093905462651,1200,0.5,0.99,1.0,80.0,2.55,0.2
0.04,3,blur_3.mat,5,ILSVRC2012_val_00028884.JPEG.png,22.413057327270508,0.5731930732727051,22.436574935913086,747,0.5707332491874695,0.00011632489622570574,4.134461452830777,1200,0.5,0.99,1.0,80.0,2.55,0.2
0.04,3,blur_3.mat,6,ILSVRC2012_val_00038157.JPEG.png,25.67974281311035,0.6150000095367432,25.832801818847656,862,0.6214730739593506,7.78614921728149e-05,4.13444132139654,1200,0.5,0.99,1.0,80.0,2.55,0.2
0.04,3,blur_3.mat,7,ILSVRC2012_val_00044012.JPEG.png,29.666292190551758,0.7625086903572083,29.666309356689453,1199,0.7624942660331726,6.842372386017814e-05,4.13562112375667,1200,0.5,0.99,1.0,80.0,2.55,0.2
0.04,4,blur_4.mat,1,ILSVRC2012_val_00000491.JPEG.png,25.197158813476562,0.5770077109336853,25.493114471435547,871,0.5815399289131165,0.00010097189078805968,4.127413586570765,1200,0.5,0.99,1.0,80.0,2.55,0.2
0.04,4,blur_4.mat,2,ILSVRC2012_val_00002289.JPEG.png,25.7650146484375,0.7924056053161621,26.366497039794922,889,0.8099973201751709,0.00011204429029021412,4.129058659192524,1200,0.5,0.99,1.0,80.0,2.55,0.2
0.04,4,blur_4.mat,3,ILSVRC2012_val_00005941.JPEG.png,25.04627799987793,0.7921941876411438,25.068279266357422,1116,0.792736291885376,0.00011456014908617362,4.12774749456672,1200,0.5,0.99,1.0,80.0,2.55,0.2
0.04,4,blur_4.mat,4,ILSVRC2012_val_00007658.JPEG.png,24.557167053222656,0.6181371808052063,24.669452667236328,971,0.622944176197052,0.00010828312224475667,4.127347057755105,1200,0.5,0.99,1.0,80.0,2.55,0.2
0.04,4,blur_4.mat,5,ILSVRC2012_val_00028884.JPEG.png,22.1524600982666,0.5598750114440918,22.240766525268555,825,0.5590292811393738,0.00015616080781910568,4.126521390634977,1200,0.5,0.99,1.0,80.0,2.55,0.2
0.04,4,blur_4.mat,6,ILSVRC2012_val_00038157.JPEG.png,24.931564331054688,0.5888988375663757,25.26014518737793,948,0.5951359868049622,8.776311733527109e-05,4.127063248528478,1200,0.5,0.99,1.0,80.0,2.55,0.2
0.04,4,blur_4.mat,7,ILSVRC2012_val_00044012.JPEG.png,27.681358337402344,0.6593595147132874,27.681358337402344,1200,0.6593595147132874,8.838051871862262e-05,4.160058860364952,1200,0.5,0.99,1.0,80.0,2.55,0.2
0.04,5,blur_5.mat,1,ILSVRC2012_val_00000491.JPEG.png,26.775840759277344,0.6566452383995056,26.853239059448242,967,0.661389172077179,4.4298558350419626e-05,4.131769194200945,1200,0.5,0.99,1.0,80.0,2.55,0.2
0.04,5,blur_5.mat,2,ILSVRC2012_val_00002289.JPEG.png,28.591856002807617,0.8667478561401367,28.969560623168945,923,0.8695504665374756,7.555424235761166e-05,4.127197402301633,1200,0.5,0.99,1.0,80.0,2.55,0.2
0.04,5,blur_5.mat,3,ILSVRC2012_val_00005941.JPEG.png,26.809288024902344,0.8507207036018372,26.97553253173828,955,0.8525671362876892,9.368466271553189e-05,4.125012006608304,1200,0.5,0.99,1.0,80.0,2.55,0.2
0.04,5,blur_5.mat,4,ILSVRC2012_val_00007658.JPEG.png,25.968265533447266,0.7021054625511169,26.09241485595703,912,0.7063405513763428,9.773016790859401e-05,4.124223376080044,1200,0.5,0.99,1.0,80.0,2.55,0.2
0.04,5,blur_5.mat,5,ILSVRC2012_val_00028884.JPEG.png,22.98902702331543,0.6231326460838318,22.99378776550293,1101,0.6232795119285583,0.00011194017133675516,4.125145593310008,1200,0.5,0.99,1.0,80.0,2.55,0.2
0.04,5,blur_5.mat,6,ILSVRC2012_val_00038157.JPEG.png,26.29912567138672,0.6398089528083801,26.38136863708496,832,0.6450616717338562,5.268375753075816e-05,4.12655454376499,1200,0.5,0.99,1.0,80.0,2.55,0.2
0.04,5,blur_5.mat,7,ILSVRC2012_val_00044012.JPEG.png,30.297197341918945,0.8063421845436096,30.379247665405273,1070,0.8056954741477966,9.613797010388225e-05,4.12608784013583,1200,0.5,0.99,1.0,80.0,2.55,0.2
0.04,6,blur_6.mat,1,ILSVRC2012_val_00000491.JPEG.png,26.506364822387695,0.6442769169807434,26.66310691833496,949,0.6525223851203918,6.244987162062898e-05,4.133424341933375,1200,0.5,0.99,1.0,80.0,2.55,0.2
0.04,6,blur_6.mat,2,ILSVRC2012_val_00002289.JPEG.png,27.710905075073242,0.8373273015022278,27.855953216552734,966,0.8441618084907532,9.857522672973573e-05,4.13604211055402,1200,0.5,0.99,1.0,80.0,2.55,0.2
0.04,6,blur_6.mat,3,ILSVRC2012_val_00005941.JPEG.png,26.829992294311523,0.8450198173522949,26.835477828979492,1127,0.8459694385528564,0.00010204221325693652,4.133678698851533,1200,0.5,0.99,1.0,80.0,2.55,0.2
0.04,6,blur_6.mat,4,ILSVRC2012_val_00007658.JPEG.png,25.91120719909668,0.7003591060638428,26.107545852661133,930,0.7055408358573914,9.974546264857054e-05,4.133921842068278,1200,0.5,0.99,1.0,80.0,2.55,0.2
0.04,6,blur_6.mat,5,ILSVRC2012_val_00028884.JPEG.png,22.77737808227539,0.6106835007667542,22.838212966918945,705,0.6015103459358215,0.00015896915283519775,4.135687767197572,1200,0.5,0.99,1.0,80.0,2.55,0.2
0.04,6,blur_6.mat,6,ILSVRC2012_val_00038157.JPEG.png,26.0684757232666,0.6259912848472595,26.199604034423828,951,0.6315996050834656,5.987530676065944e-05,4.1359516185533725,1200,0.5,0.99,1.0,80.0,2.55,0.2
0.04,6,blur_6.mat,7,ILSVRC2012_val_00044012.JPEG.png,29.90261459350586,0.7704760432243347,29.9028377532959,1195,0.7704126238822937,5.672211409546435e-05,4.136336860420803,1200,0.5,0.99,1.0,80.0,2.55,0.2
0.04,7,blur_7.mat,1,ILSVRC2012_val_00000491.JPEG.png,25.865259170532227,0.6154945492744446,26.038637161254883,662,0.6195131540298462,7.617137453053147e-05,4.134699283310717,1200,0.5,0.99,1.0,80.0,2.55,0.2
0.04,7,blur_7.mat,2,ILSVRC2012_val_00002289.JPEG.png,26.390331268310547,0.8113856315612793,26.735761642456055,952,0.823635995388031,9.698243957245722e-05,4.134726944290839,1200,0.5,0.99,1.0,80.0,2.55,0.2
0.04,7,blur_7.mat,3,ILSVRC2012_val_00005941.JPEG.png,23.927703857421875,0.772761881351471,24.013063430786133,1007,0.7751907706260681,9.886103362077847e-05,4.135587145202444,1200,0.5,0.99,1.0,80.0,2.55,0.2
0.04,7,blur_7.mat,4,ILSVRC2012_val_00007658.JPEG.png,24.69600486755371,0.6543729901313782,25.053285598754883,863,0.6580196022987366,0.0001340594026260078,4.135080157104919,1200,0.5,0.99,1.0,80.0,2.55,0.2
0.04,7,blur_7.mat,5,ILSVRC2012_val_00028884.JPEG.png,22.576744079589844,0.6017916798591614,22.608482360839844,891,0.6009358763694763,9.628494444768876e-05,4.134335011736645,1200,0.5,0.99,1.0,80.0,2.55,0.2
0.04,7,blur_7.mat,6,ILSVRC2012_val_00038157.JPEG.png,24.873884201049805,0.615006148815155,25.59384536743164,695,0.6150873303413391,6.542600749526173e-05,4.134880832244914,1200,0.5,0.99,1.0,80.0,2.55,0.2
0.04,7,blur_7.mat,7,ILSVRC2012_val_00044012.JPEG.png,29.136592864990234,0.7628788352012634,29.136592864990234,1200,0.7628788352012634,5.837595381308347e-05,4.13302579109751,1200,0.5,0.99,1.0,80.0,2.55,0.2
0.04,8,blur_8.mat,1,ILSVRC2012_val_00000491.JPEG.png,25.615583419799805,0.6032561659812927,25.76789093017578,1019,0.6095423698425293,0.000111672306957189,4.1341560332675,1200,0.5,0.99,1.0,80.0,2.55,0.2
0.04,8,blur_8.mat,2,ILSVRC2012_val_00002289.JPEG.png,25.041244506835938,0.8069927096366882,26.498510360717773,840,0.8229832649230957,0.00011180282308487222,4.131475271306699,1200,0.5,0.99,1.0,80.0,2.55,0.2
0.04,8,blur_8.mat,3,ILSVRC2012_val_00005941.JPEG.png,24.763893127441406,0.7940872311592102,24.820144653320312,1101,0.7963845133781433,0.00011918280506506562,4.13531171605088,1200,0.5,0.99,1.0,80.0,2.55,0.2
0.04,8,blur_8.mat,4,ILSVRC2012_val_00007658.JPEG.png,24.467586517333984,0.6490631103515625,25.073787689208984,860,0.6556658744812012,0.00013394745474215597,4.1355450927049,1200,0.5,0.99,1.0,80.0,2.55,0.2
0.04,8,blur_8.mat,5,ILSVRC2012_val_00028884.JPEG.png,22.33916473388672,0.5785377621650696,22.3861141204834,835,0.5725888609886169,0.00014360822387970984,4.133796940751684,1200,0.5,0.99,1.0,80.0,2.55,0.2
0.04,8,blur_8.mat,6,ILSVRC2012_val_00038157.JPEG.png,24.825897216796875,0.5970847606658936,25.360641479492188,768,0.6010177135467529,6.265546107897535e-05,4.134142147255868,1200,0.5,0.99,1.0,80.0,2.55,0.2
0.04,8,blur_8.mat,7,ILSVRC2012_val_00044012.JPEG.png,28.64191246032715,0.7502367496490479,28.64191246032715,1200,0.7502367496490479,7.093528256518766e-05,4.136718652587539,1200,0.5,0.99,1.0,80.0,2.55,0.2
0.04,9,gaussian_1_6.mat,1,ILSVRC2012_val_00000491.JPEG.png,25.381088256835938,0.6213204860687256,25.848159790039062,90,0.6157044768333435,7.448376709362492e-05,4.126547754101533,1200,0.5,0.99,1.0,80.0,2.55,0.2
0.04,9,gaussian_1_6.mat,2,ILSVRC2012_val_00002289.JPEG.png,26.968191146850586,0.8446274399757385,27.061891555786133,1034,0.8491196632385254,7.455980812665075e-05,4.127364686036599,1200,0.5,0.99,1.0,80.0,2.55,0.2
0.04,9,gaussian_1_6.mat,3,ILSVRC2012_val_00005941.JPEG.png,23.747995376586914,0.7696735262870789,24.11760902404785,278,0.7672958374023438,0.00010642947745509446,4.126533665946529,1200,0.5,0.99,1.0,80.0,2.55,0.2
0.04,9,gaussian_1_6.mat,4,ILSVRC2012_val_00007658.JPEG.png,23.367639541625977,0.6471614837646484,24.94715118408203,159,0.6395987868309021,0.00011459425877546892,4.128064842255747,1200,0.5,0.99,1.0,80.0,2.55,0.2
0.04,9,gaussian_1_6.mat,5,ILSVRC2012_val_00028884.JPEG.png,22.343114852905273,0.564532995223999,22.346593856811523,572,0.5633100867271423,8.399634680245072e-05,4.159919382563288,1200,0.5,0.99,1.0,80.0,2.55,0.2
0.04,9,gaussian_1_6.mat,6,ILSVRC2012_val_00038157.JPEG.png,25.65534019470215,0.6148064136505127,25.800935745239258,243,0.6081952452659607,7.243041909532622e-05,4.143831988615178,1200,0.5,0.99,1.0,80.0,2.55,0.2
0.04,9,gaussian_1_6.mat,7,ILSVRC2012_val_00044012.JPEG.png,27.90198516845703,0.7360053062438965,29.91236114501953,190,0.7780212759971619,6.862645386718214e-05,4.12684337907917,1200,0.5,0.99,1.0,80.0,2.55,0.2
0.04,10,square_7.mat,1,ILSVRC2012_val_00000491.JPEG.png,25.224924087524414,0.5777442455291748,25.70001792907715,529,0.5872278213500977,0.00014388110139407218,4.126907424510961,1200,0.5,0.99,1.0,80.0,2.55,0.2
0.04,10,square_7.mat,2,ILSVRC2012_val_00002289.JPEG.png,25.38176155090332,0.7907570004463196,25.727628707885742,551,0.8067622184753418,6.081466926843859e-05,4.126936824041574,1200,0.5,0.99,1.0,80.0,2.55,0.2
0.04,10,square_7.mat,3,ILSVRC2012_val_00005941.JPEG.png,23.05454444885254,0.7241328358650208,23.43706512451172,835,0.737583577632904,8.587519550928846e-05,4.126517017796674,1200,0.5,0.99,1.0,80.0,2.55,0.2
0.04,10,square_7.mat,4,ILSVRC2012_val_00007658.JPEG.png,23.976381301879883,0.5813053846359253,24.569072723388672,723,0.6241535544395447,0.00010891542478930205,4.127059121900044,1200,0.5,0.99,1.0,80.0,2.55,0.2
0.04,10,square_7.mat,5,ILSVRC2012_val_00028884.JPEG.png,21.93825340270996,0.5231232047080994,21.977611541748047,613,0.5252306461334229,0.00010059991473099217,4.127478263357577,1200,0.5,0.99,1.0,80.0,2.55,0.2
0.04,10,square_7.mat,6,ILSVRC2012_val_00038157.JPEG.png,25.05202865600586,0.5872547030448914,25.376752853393555,566,0.5945581793785095,5.768894334323704e-05,4.126718478393353,1200,0.5,0.99,1.0,80.0,2.55,0.2
0.04,10,square_7.mat,7,ILSVRC2012_val_00044012.JPEG.png,27.938663482666016,0.7131490707397461,28.682092666625977,586,0.711999237537384,6.984436913626269e-05,4.1260905842442295,1200,0.5,0.99,1.0,80.0,2.55,0.2
